ident,type,name,elevation_ft,continent,iso_country,iso_region,municipality,gps_code,iata_code,local_code,lat,lon
5A8,medium_airport,Aleknagik / New Airport,66,NA,US,US-AK,Aleknagik,5A8,WKK,5A8,59.2826004,-158.6179962
KABE,medium_airport,Lehigh Valley International Airport,393,NA,US,US-PA,Allentown,KABE,ABE,ABE,40.65209961,-75.44080353
KABI,medium_airport,Abilene Regional Airport,1791,NA,US,US-TX,Abilene,KABI,ABI,ABI,32.41130066,-99.68190002
KABQ,large_airport,Albuquerque International Sunport,5355,NA,US,US-NM,Albuquerque,KABQ,ABQ,ABQ,35.040199,-106.609001
KABR,medium_airport,Aberdeen Regional Airport,1302,NA,US,US-SD,Aberdeen,KABR,ABR,ABR,45.44910049,-98.42179871
KABY,medium_airport,Southwest Georgia Regional Airport,197,NA,US,US-GA,Albany,KABY,ABY,ABY,31.53549957,-84.19450378
KACK,medium_airport,Nantucket Memorial Airport,47,NA,US,US-MA,Nantucket,KACK,ACK,ACK,41.25310135,-70.06020355
KACT,medium_airport,Waco Regional Airport,516,NA,US,US-TX,Waco,KACT,ACT,ACT,31.61129951,-97.23049927
KACV,medium_airport,California Redwood Coast-Humboldt County Airport,221,NA,US,US-CA,Arcata/Eureka,KACV,ACV,ACV,40.978101,-124.109
KACY,medium_airport,Atlantic City International Airport,75,NA,US,US-NJ,Atlantic City,KACY,ACY,ACY,39.45759964,-74.57720184
KADW,large_airport,Joint Base Andrews,280,NA,US,US-MD,Camp Springs,KADW,ADW,ADW,38.810799,-76.866997
KAEX,medium_airport,Alexandria International Airport,89,NA,US,US-LA,Alexandria,KAEX,AEX,AEX,31.32740021,-92.54979706
KAFW,large_airport,Fort Worth Alliance Airport,722,NA,US,US-TX,Fort Worth,KAFW,AFW,AFW,32.98759842,-97.31880188
KAGC,medium_airport,Allegheny County Airport,1252,NA,US,US-PA,Pittsburgh,KAGC,AGC,AGC,40.35440063,-79.93019867
KAGS,large_airport,Augusta Regional At Bush Field,144,NA,US,US-GA,Augusta,KAGS,AGS,AGS,33.36989975,-81.96450043
KAHN,medium_airport,Athens Ben Epps Airport,808,NA,US,US-GA,Athens,KAHN,AHN,AHN,33.94860077,-83.32630157
KAKR,medium_airport,Akron Fulton International Airport,1067,NA,US,US-OH,Akron,KAKR,AKC,AKR,41.03749847,-81.46690369
KALB,medium_airport,Albany International Airport,285,NA,US,US-NY,Albany,KALB,ALB,ALB,42.74829865,-73.80169678
KALI,medium_airport,Alice International Airport,178,NA,US,US-TX,Alice,KALI,ALI,ALI,27.74090004,-98.02690125
KALM,medium_airport,Alamogordo White Sands Regional Airport,4200,NA,US,US-NM,Alamogordo,KALM,ALM,ALM,32.83990097,-105.9909973
KALN,medium_airport,St Louis Regional Airport,544,NA,US,US-IL,Alton/St Louis,KALN,ALN,ALN,38.89030075,-90.04599762
KALO,medium_airport,Waterloo Regional Airport,873,NA,US,US-IA,Waterloo,KALO,ALO,ALO,42.55709839,-92.40029907
KALS,medium_airport,San Luis Valley Regional Bergman Field,7539,NA,US,US-CO,Alamosa,KALS,ALS,ALS,37.434898,-105.866997
KALW,medium_airport,Walla Walla Regional Airport,1194,NA,US,US-WA,Walla Walla,KALW,ALW,ALW,46.09489822,-118.288002
KAMA,large_airport,Rick Husband Amarillo International Airport,3607,NA,US,US-TX,Amarillo,KAMA,AMA,AMA,35.219398,-101.706001
KANB,medium_airport,Anniston Regional Airport,612,NA,US,US-AL,Anniston,KANB,ANB,ANB,33.5882,-85.8581
KAND,medium_airport,Anderson Regional Airport,782,NA,US,US-SC,Anderson,KAND,AND,AND,34.49459839,-82.70939636
KAOO,medium_airport,Altoona Blair County Airport,1503,NA,US,US-PA,Altoona,KAOO,AOO,AOO,40.29639816,-78.31999969
KAPA,medium_airport,Centennial Airport,5885,NA,US,US-CO,Denver,KAPA,APA,APA,39.57009888,-104.848999
KAPF,medium_airport,Naples Municipal Airport,8,NA,US,US-FL,Naples,KAPF,APF,APF,26.15259933,-81.77529907
KAPG,medium_airport,Phillips Army Air Field,57,NA,US,US-MD,Aberdeen Proving Grounds(Aberdeen),KAPG,APG,APG,39.466202,-76.1688
KAPN,medium_airport,Alpena County Regional Airport,690,NA,US,US-MI,Alpena,KAPN,APN,APN,45.0780983,-83.56030273
KARA,medium_airport,Acadiana Regional Airport,24,NA,US,US-LA,New Iberia,KARA,ARA,ARA,30.0378,-91.883904
KART,medium_airport,Watertown International Airport,325,NA,US,US-NY,Watertown,KART,ART,ART,43.9919014,-76.021698
KASE,medium_airport,Aspen-Pitkin Co/Sardy Field,7820,NA,US,US-CO,Aspen,KASE,ASE,ASE,39.22320175,-106.8690033
KAST,medium_airport,Astoria Regional Airport,15,NA,US,US-OR,Astoria,KAST,AST,AST,46.15800095,-123.8789978
KATL,large_airport,Hartsfield Jackson Atlanta International Airport,1026,NA,US,US-GA,Atlanta,KATL,ATL,ATL,33.6367,-84.428101
KATY,medium_airport,Watertown Regional Airport,1749,NA,US,US-SD,Watertown,KATY,ATY,ATY,44.91400146,-97.15470123
KAUG,medium_airport,Augusta State Airport,352,NA,US,US-ME,Augusta,KAUG,AUG,AUG,44.3205986,-69.79730225
KAUS,large_airport,Austin Bergstrom International Airport,542,NA,US,US-TX,Austin,KAUS,AUS,AUS,30.19449997,-97.66989899
KAUW,medium_airport,Wausau Downtown Airport,1201,NA,US,US-WI,Wausau,KAUW,AUW,AUW,44.92620087,-89.62660217
KAVL,large_airport,Asheville Regional Airport,2165,NA,US,US-NC,Asheville,KAVL,AVL,AVL,35.436199,-82.541801
KAVP,medium_airport,Wilkes Barre Scranton International Airport,962,NA,US,US-PA,Wilkes-Barre/Scranton,KAVP,AVP,AVP,41.33850098,-75.7233963
KAXN,medium_airport,Chandler Field,1425,NA,US,US-MN,Alexandria,KAXN,AXN,AXN,45.86629868,-95.3946991
KAZO,medium_airport,Kalamazoo Battle Creek International Airport,874,NA,US,US-MI,Kalamazoo,KAZO,AZO,AZO,42.23490143,-85.55210114
KBAB,large_airport,Beale Air Force Base,113,NA,US,US-CA,Marysville,KBAB,BAB,BAB,39.13610077,-121.4369965
KBAD,large_airport,Barksdale Air Force Base,166,NA,US,US-LA,Bossier City,KBAD,BAD,BAD,32.50180054,-93.66269684
KBAF,medium_airport,Westfield-Barnes Regional Airport,271,NA,US,US-MA,Westfield/Springfield,KBAF,BAF,BAF,42.157799,-72.715599
KBAK,medium_airport,Columbus Municipal Airport,656,NA,US,US-IN,Columbus,KBAK,CLU,BAK,39.26190186,-85.89630127
KBBD,medium_airport,Curtis Field,1827,NA,US,US-TX,Brady,KBBD,BBD,BBD,31.17930031,-99.32389832
KBCE,medium_airport,Bryce Canyon Airport,7590,NA,US,US-UT,Bryce Canyon,KBCE,BCE,BCE,37.70640183,-112.1449966
KBDE,medium_airport,Baudette International Airport,1086,NA,US,US-MN,Baudette,KBDE,BDE,BDE,48.72840118,-94.61219788
KBDL,large_airport,Bradley International Airport,173,NA,US,US-CT,Hartford,KBDL,BDL,BDL,41.93889999,-72.68319702
KBDR,medium_airport,Igor I Sikorsky Memorial Airport,9,NA,US,US-CT,Bridgeport,KBDR,BDR,BDR,41.16350174,-73.12619781
KBED,medium_airport,Laurence G Hanscom Field,133,NA,US,US-MA,Bedford,KBED,BED,BED,42.47000122,-71.28900146
KBFD,medium_airport,Bradford Regional Airport,2143,NA,US,US-PA,Bradford,KBFD,BFD,BFD,41.80310059,-78.64009857
KBFF,medium_airport,Western Neb. Rgnl/William B. Heilig Airport,3967,NA,US,US-NE,Scottsbluff,KBFF,BFF,BFF,41.87400055,-103.5960007
KBFI,large_airport,Boeing Field King County International Airport,21,NA,US,US-WA,Seattle,KBFI,BFI,BFI,47.52999878,-122.302002
KBFL,medium_airport,Meadows Field,510,NA,US,US-CA,Bakersfield,KBFL,BFL,BFL,35.43360138,-119.0569992
KBFM,medium_airport,Mobile Downtown Airport,26,NA,US,US-AL,Mobile,KBFM,BFM,BFM,30.62680054,-88.06809998
KBGM,medium_airport,Greater Binghamton/Edwin A Link field,1636,NA,US,US-NY,Binghamton,KBGM,BGM,BGM,42.20869827,-75.97979736
KBGR,large_airport,Bangor International Airport,192,NA,US,US-ME,Bangor,KBGR,BGR,BGR,44.80739975,-68.82810211
KBHB,medium_airport,Hancock County-Bar Harbor Airport,83,NA,US,US-ME,Bar Harbor,KBHB,BHB,BHB,44.45000076,-68.3615036
KBHM,large_airport,Birmingham-Shuttlesworth International Airport,650,NA,US,US-AL,Birmingham,KBHM,BHM,BHM,33.56290054,-86.75350189
KBIF,medium_airport,Biggs Army Air Field (Fort Bliss),3946,NA,US,US-TX,Fort Bliss/El Paso,KBIF,BIF,BIF,31.84950066,-106.3799973
KBIH,medium_airport,Eastern Sierra Regional Airport,4124,NA,US,US-CA,Bishop,KBIH,BIH,BIH,37.37310028,-118.3639984
KBIL,large_airport,Billings Logan International Airport,3652,NA,US,US-MT,Billings,KBIL,BIL,BIL,45.80770111,-108.5429993
KBIS,medium_airport,Bismarck Municipal Airport,1661,NA,US,US-ND,Bismarck,KBIS,BIS,BIS,46.77270126,-100.7460022
KBIX,medium_airport,Keesler Air Force Base,33,NA,US,US-MS,Biloxi,KBIX,BIX,BIX,30.41040039,-88.92440033
KBJC,medium_airport,Rocky Mountain Metropolitan Airport,5673,NA,US,US-CO,Denver,KBJC,BJC,BJC,39.90879822,-105.1169968
KBJI,medium_airport,Bemidji Regional Airport,1391,NA,US,US-MN,Bemidji,KBJI,BJI,BJI,47.50939941,-94.93370056
KBKE,medium_airport,Baker City Municipal Airport,3373,NA,US,US-OR,Baker City,KBKE,BKE,BKE,44.83729935,-117.8089981
KBKF,medium_airport,Buckley Air Force Base,5662,NA,US,US-CO,Aurora,KBKF,BFK,BKF,39.7016983,-104.7519989
KBKL,medium_airport,Burke Lakefront Airport,583,NA,US,US-OH,Cleveland,KBKL,BKL,BKL,41.51750183,-81.6832962
KBKW,medium_airport,Raleigh County Memorial Airport,2504,NA,US,US-WV,Beckley,KBKW,BKW,BKW,37.78730011,-81.12419891
KBLF,medium_airport,Mercer County Airport,2857,NA,US,US-WV,Bluefield,KBLF,BLF,BLF,37.29579926,-81.20770264
KBLH,medium_airport,Blythe Airport,399,NA,US,US-CA,Blythe,KBLH,BLH,BLH,33.61920166,-114.7170029
KBLI,medium_airport,Bellingham International Airport,170,NA,US,US-WA,Bellingham,KBLI,BLI,BLI,48.7928009,-122.538002
KBLV,large_airport,Scott AFB/Midamerica Airport,459,NA,US,US-IL,Belleville,KBLV,BLV,BLV,38.5452,-89.835197
KBMG,medium_airport,Monroe County Airport,846,NA,US,US-IN,Bloomington,KBMG,BMG,BMG,39.14599991,-86.61669922
KBMI,large_airport,Central Illinois Regional Airport at Bloomington-Normal,871,NA,US,US-IL,Bloomington/Normal,KBMI,BMI,BMI,40.47710037,-88.91590118
KBNA,large_airport,Nashville International Airport,599,NA,US,US-TN,Nashville,KBNA,BNA,BNA,36.12450027,-86.67819977
KBNO,medium_airport,Burns Municipal Airport,4148,NA,US,US-OR,Burns,KBNO,BNO,BNO,43.59189987,-118.9550018
KBOI,large_airport,Boise Air Terminal/Gowen Field,2871,NA,US,US-ID,Boise,KBOI,BOI,BOI,43.5644,-116.223
KBOS,large_airport,General Edward Lawrence Logan International Airport,20,NA,US,US-MA,Boston,KBOS,BOS,BOS,42.36429977,-71.00520325
KBPI,medium_airport,Miley Memorial Field,6990,NA,US,US-WY,Big Piney,KBPI,BPI,BPI,42.58509827,-110.1110001
KBPK,medium_airport,Ozark Regional Airport,928,NA,US,US-AR,Mountain Home,KBPK,WMH,BPK,36.3689003,-92.47049713
KBPT,medium_airport,Southeast Texas Regional Airport,15,NA,US,US-TX,Beaumont/Port Arthur,KBPT,BPT,BPT,29.95079994,-94.02069855
KBQK,medium_airport,Brunswick Golden Isles Airport,26,NA,US,US-GA,Brunswick,KBQK,BQK,BQK,31.25880051,-81.46649933
KBRD,medium_airport,Brainerd Lakes Regional Airport,1232,NA,US,US-MN,Brainerd,KBRD,BRD,BRD,46.39830017,-94.13809967
KBRL,medium_airport,Southeast Iowa Regional Airport,698,NA,US,US-IA,Burlington,KBRL,BRL,BRL,40.78319931,-91.12550354
KBRO,medium_airport,Brownsville South Padre Island International Airport,22,NA,US,US-TX,Brownsville,KBRO,BRO,BRO,25.90679932,-97.42590332
KBTL,medium_airport,W K Kellogg Airport,952,NA,US,US-MI,Battle Creek,KBTL,BTL,BTL,42.30730057,-85.25150299
KBTM,medium_airport,Bert Mooney Airport,5550,NA,US,US-MT,Butte,KBTM,BTM,BTM,45.95479965,-112.4970016
KBTR,medium_airport,Baton Rouge Metropolitan Airport,70,NA,US,US-LA,Baton Rouge,KBTR,BTR,BTR,30.533199,-91.149597
KBTV,medium_airport,Burlington International Airport,335,NA,US,US-VT,Burlington,KBTV,BTV,BTV,44.47190094,-73.15329742
KBUF,large_airport,Buffalo Niagara International Airport,728,NA,US,US-NY,Buffalo,KBUF,BUF,BUF,42.94049835,-78.73220062
KBUR,medium_airport,Bob Hope Airport,778,NA,US,US-CA,Burbank,KBUR,BUR,BUR,34.20069885,-118.3590012
KBVI,medium_airport,Beaver County Airport,1253,NA,US,US-PA,Beaver Falls,KBVI,BFP,BVI,40.77249908,-80.3914032
KBVY,medium_airport,Beverly Municipal Airport,107,NA,US,US-MA,Beverly,KBVY,BVY,BVY,42.58420181,-70.91649628
KBWG,medium_airport,Bowling Green Warren County Regional Airport,547,NA,US,US-KY,Bowling Green,KBWG,BWG,BWG,36.96450043,-86.41970062
KBWI,large_airport,Baltimore/Washington International Thurgood Marshall Airport,146,NA,US,US-MD,Baltimore,KBWI,BWI,BWI,39.1754,-76.668297
KBYH,medium_airport,Arkansas International Airport,254,NA,US,US-AR,Blytheville,KBYH,BYH,BYH,35.96429825,-89.94400024
KBYI,medium_airport,Burley Municipal Airport,4150,NA,US,US-ID,Burley,KBYI,BYI,BYI,42.54259872,-113.7720032
KBYS,medium_airport,Bicycle Lake Army Air Field,2350,NA,US,US-CA,Fort Irwin/Barstow,KBYS,BYS,BYS,35.2804985,-116.6299973
KBZN,medium_airport,Gallatin Field,4473,NA,US,US-MT,Bozeman,KBZN,BZN,BZN,45.77750015,-111.1529999
KCAE,large_airport,Columbia Metropolitan Airport,236,NA,US,US-SC,Columbia,KCAE,CAE,CAE,33.93880081,-81.11949921
KCAK,medium_airport,Akron Canton Regional Airport,1228,NA,US,US-OH,Akron,KCAK,CAK,CAK,40.91609955,-81.44219971
KCAR,medium_airport,Caribou Municipal Airport,626,NA,US,US-ME,Caribou,KCAR,CAR,CAR,46.87149811,-68.01789856
KCBM,large_airport,Columbus Air Force Base,219,NA,US,US-MS,Columbus,KCBM,CBM,CBM,33.64379883,-88.44380188
KCCY,medium_airport,Northeast Iowa Regional Airport,1125,NA,US,US-IA,Charles City,KCCY,CCY,CCY,43.07260132,-92.6108017
KCDC,medium_airport,Cedar City Regional Airport,5622,NA,US,US-UT,Cedar City,KCDC,CDC,CDC,37.70100021,-113.098999
KCDR,medium_airport,Chadron Municipal Airport,3297,NA,US,US-NE,Chadron,KCDR,CDR,CDR,42.83760071,-103.0950012
KCDS,medium_airport,Childress Municipal Airport,1954,NA,US,US-TX,Childress,KCDS,CDS,CDS,34.43379974,-100.288002
KCEC,medium_airport,Jack Mc Namara Field Airport,61,NA,US,US-CA,Crescent City,KCEC,CEC,CEC,41.78020096,-124.2369995
KCEF,medium_airport,Westover ARB/Metropolitan Airport,241,NA,US,US-MA,Springfield/Chicopee,KCEF,CEF,CEF,42.19400024,-72.53479767
KCEW,medium_airport,Bob Sikes Airport,213,NA,US,US-FL,Crestview,KCEW,CEW,CEW,30.77879906,-86.52210236
KCGF,medium_airport,Cuyahoga County Airport,879,NA,US,US-OH,Cleveland,KCGF,CGF,CGF,41.56510162,-81.48639679
KCGI,medium_airport,Cape Girardeau Regional Airport,342,NA,US,US-MO,Cape Girardeau,KCGI,CGI,CGI,37.22529984,-89.57080078
KCHA,large_airport,Lovell Field,683,NA,US,US-TN,Chattanooga,KCHA,CHA,CHA,35.03530121,-85.20379639
KCHO,medium_airport,Charlottesville Albemarle Airport,639,NA,US,US-VA,Charlottesville,KCHO,CHO,CHO,38.1385994,-78.45290375
KCHS,large_airport,Charleston Air Force Base-International Airport,46,NA,US,US-SC,Charleston,KCHS,CHS,CHS,32.89860153,-80.04049683
KCID,large_airport,The Eastern Iowa Airport,869,NA,US,US-IA,Cedar Rapids,KCID,CID,CID,41.88470078,-91.71080017
KCIU,medium_airport,Chippewa County International Airport,800,NA,US,US-MI,Sault Ste Marie,KCIU,CIU,CIU,46.25080109,-84.47239685
KCKB,medium_airport,North Central West Virginia Airport,1217,NA,US,US-WV,Clarksburg,KCKB,CKB,CKB,39.29660034,-80.22810364
KCLE,large_airport,Cleveland Hopkins International Airport,791,NA,US,US-OH,Cleveland,KCLE,CLE,CLE,41.4117012,-81.84980011
KCLL,medium_airport,Easterwood Field,320,NA,US,US-TX,College Station,KCLL,CLL,CLL,30.58860016,-96.36380005
KCLM,medium_airport,William R Fairchild International Airport,291,NA,US,US-WA,Port Angeles,KCLM,CLM,CLM,48.12020111,-123.5
KCLT,large_airport,Charlotte Douglas International Airport,748,NA,US,US-NC,Charlotte,KCLT,CLT,CLT,35.2140007,-80.94309998
KCMH,large_airport,John Glenn Columbus International Airport,815,NA,US,US-OH,Columbus,KCMH,CMH,CMH,39.998001,-82.891899
KCMI,medium_airport,University of Illinois Willard Airport,755,NA,US,US-IL,Champaign/Urbana,KCMI,CMI,CMI,40.03919983,-88.27809906
KCMX,medium_airport,Houghton County Memorial Airport,1095,NA,US,US-MI,Hancock,KCMX,CMX,CMX,47.16839981,-88.4890976
KCNM,medium_airport,Cavern City Air Terminal,3295,NA,US,US-NM,Carlsbad,KCNM,CNM,CNM,32.33750153,-104.2630005
KCNU,medium_airport,Chanute Martin Johnson Airport,1002,NA,US,US-KS,Chanute,KCNU,CNU,CNU,37.66880035,-95.48509979
KCOD,medium_airport,Yellowstone Regional Airport,5102,NA,US,US-WY,Cody,KCOD,COD,COD,44.52019882,-109.0240021
KCOE,medium_airport,Coeur D'Alene - Pappy Boyington Field,2320,NA,US,US-ID,Coeur d'Alene,KCOE,COE,COE,47.77429962,-116.8199997
KCOF,medium_airport,Patrick Air Force Base,8,NA,US,US-FL,Cocoa Beach,KCOF,COF,COF,28.23489952,-80.61009979
KCON,medium_airport,Concord Municipal Airport,342,NA,US,US-NH,Concord,KCON,CON,CON,43.20270157,-71.50229645
KCOS,large_airport,City of Colorado Springs Municipal Airport,6187,NA,US,US-CO,Colorado Springs,KCOS,COS,COS,38.805801,-104.700996
KCOU,medium_airport,Columbia Regional Airport,889,NA,US,US-MO,Columbia,KCOU,COU,COU,38.8181,-92.219597
KCPR,medium_airport,Casper-Natrona County International Airport,5350,NA,US,US-WY,Casper,KCPR,CPR,CPR,42.908001,-106.463997
KCRE,medium_airport,Grand Strand Airport,32,NA,US,US-SC,North Myrtle Beach,KCRE,CRE,CRE,33.81169891,-78.72389984
KCRG,medium_airport,Jacksonville Executive at Craig Airport,41,NA,US,US-FL,Jacksonville,KCRG,CRG,CRG,30.3362999,-81.51439667
KCRP,large_airport,Corpus Christi International Airport,44,NA,US,US-TX,Corpus Christi,KCRP,CRP,CRP,27.77039909,-97.50119781
KCRQ,medium_airport,Mc Clellan-Palomar Airport,331,NA,US,US-CA,Carlsbad,KCRQ,CLD,CRQ,33.12829971,-117.2799988
KCRW,large_airport,Yeager Airport,981,NA,US,US-WV,Charleston,KCRW,CRW,CRW,38.37310028,-81.59320068
KCSG,medium_airport,Columbus Metropolitan Airport,397,NA,US,US-GA,Columbus,KCSG,CSG,CSG,32.5163002,-84.93890381
KCSV,medium_airport,Crossville Memorial Whitson Field,1881,NA,US,US-TN,Crossville,KCSV,CSV,CSV,35.95130157,-85.08499908
KCTB,medium_airport,Cut Bank International Airport,3854,NA,US,US-MT,Cut Bank,KCTB,CTB,CTB,48.60839844,-112.3759995
KCUB,medium_airport,Jim Hamilton L.B. Owens Airport,193,NA,US,US-SC,Columbia,KCUB,CUB,CUB,33.97050095,-80.99520111
KCVG,large_airport,Cincinnati Northern Kentucky International Airport,896,NA,US,US-KY,Cincinnati / Covington,KCVG,CVG,CVG,39.048801,-84.667801
KCVO,medium_airport,Corvallis Municipal Airport,250,NA,US,US-OR,Corvallis,KCVO,CVO,CVO,44.49720001,-123.2900009
KCVS,large_airport,Cannon Air Force Base,4295,NA,US,US-NM,Clovis,KCVS,CVS,CVS,34.38280106,-103.3219986
KCWA,medium_airport,Central Wisconsin Airport,1277,NA,US,US-WI,Mosinee,KCWA,CWA,CWA,44.77759933,-89.66680145
KCXO,medium_airport,Conroe-North Houston Regional Airport,245,NA,US,US-TX,Houston,KCXO,CXO,CXO,30.351801,-95.414497
KCYS,medium_airport,Cheyenne Regional Jerry Olson Field,6159,NA,US,US-WY,Cheyenne,KCYS,CYS,CYS,41.15570068,-104.8119965
KDAA,medium_airport,Davison Army Air Field,73,NA,US,US-VA,Fort Belvoir,KDAA,DAA,DAA,38.71500015,-77.18099976
KDAB,large_airport,Daytona Beach International Airport,34,NA,US,US-FL,Daytona Beach,KDAB,DAB,DAB,29.179899,-81.058098
KDAG,medium_airport,Barstow Daggett Airport,1930,NA,US,US-CA,Daggett,KDAG,DAG,DAG,34.85369873,-116.7870026
KDAL,large_airport,Dallas Love Field,487,NA,US,US-TX,Dallas,KDAL,DAL,DAL,32.847099,-96.851799
KDAN,medium_airport,Danville Regional Airport,571,NA,US,US-VA,Danville,KDAN,DAN,DAN,36.57289886,-79.33609772
KDAY,large_airport,James M Cox Dayton International Airport,1009,NA,US,US-OH,Dayton,KDAY,DAY,DAY,39.90240097,-84.2193985
KDBQ,large_airport,Dubuque Regional Airport,1077,NA,US,US-IA,Dubuque,KDBQ,DBQ,DBQ,42.40200043,-90.70950317
KDCA,large_airport,Ronald Reagan Washington National Airport,15,NA,US,US-DC,Washington,KDCA,DCA,DCA,38.8521,-77.037697
KDDC,medium_airport,Dodge City Regional Airport,2594,NA,US,US-KS,Dodge City,KDDC,DDC,DDC,37.76340103,-99.96559906
KDEC,medium_airport,Decatur Airport,682,NA,US,US-IL,Decatur,KDEC,DEC,DEC,39.83459854,-88.86569977
KDEN,large_airport,Denver International Airport,5431,NA,US,US-CO,Denver,KDEN,DEN,DEN,39.86169815,-104.6729965
KDET,medium_airport,Coleman A. Young Municipal Airport,626,NA,US,US-MI,Detroit,KDET,DET,DET,42.40919876,-83.00990295
KDFW,large_airport,Dallas Fort Worth International Airport,607,NA,US,US-TX,Dallas-Fort Worth,KDFW,DFW,DFW,32.896801,-97.038002
KDHN,medium_airport,Dothan Regional Airport,401,NA,US,US-AL,Dothan,KDHN,DHN,DHN,31.32130051,-85.44960022
KDHT,medium_airport,Dalhart Municipal Airport,3991,NA,US,US-TX,Dalhart,KDHT,DHT,DHT,36.02259827,-102.5469971
KDIK,medium_airport,Dickinson Theodore Roosevelt Regional Airport,2592,NA,US,US-ND,Dickinson,KDIK,DIK,DIK,46.79740143,-102.802002
KDLF,large_airport,DLF Airport,1082,NA,US,US-TX,Del Rio,KDLF,DLF,DLF,29.359501,-100.778002
KDLH,large_airport,Duluth International Airport,1428,NA,US,US-MN,Duluth,KDLH,DLH,DLH,46.84209824,-92.19360352
KDLS,medium_airport,Columbia Gorge Regional the Dalles Municipal Airport,247,NA,US,US-OR,The Dalles,KDLS,DLS,DLS,45.61849976,-121.1669998
KDMA,medium_airport,Davis Monthan Air Force Base,2704,NA,US,US-AZ,Tucson,KDMA,DMA,DMA,32.16650009,-110.8830032
KDMN,medium_airport,Deming Municipal Airport,4314,NA,US,US-NM,Deming,KDMN,DMN,DMN,32.26229858,-107.7210007
KDNL,medium_airport,Daniel Field,423,NA,US,US-GA,Augusta,KDNL,DNL,DNL,33.46649933,-82.03939819
KDOV,large_airport,Dover Air Force Base,24,NA,US,US-DE,Dover,KDOV,DOV,DOV,39.12950134,-75.46600342
KDPA,medium_airport,Dupage Airport,759,NA,US,US-IL,Chicago/West Chicago,KDPA,DPA,DPA,41.90779877,-88.24859619
KDRA,medium_airport,Desert Rock Airport,3314,NA,US,US-NV,Mercury,KDRA,DRA,NV65,36.6194,-116.032997
KDRI,medium_airport,Beauregard Regional Airport,202,NA,US,US-LA,De Ridder,KDRI,DRI,DRI,30.83169937,-93.33989716
KDRT,medium_airport,Del Rio International Airport,1002,NA,US,US-TX,Del Rio,KDRT,DRT,DRT,29.37420082,-100.927002
KDSM,large_airport,Des Moines International Airport,958,NA,US,US-IA,Des Moines,KDSM,DSM,DSM,41.5340004,-93.6631012
KDTW,large_airport,Detroit Metropolitan Wayne County Airport,645,NA,US,US-MI,Detroit,KDTW,DTW,DTW,42.21239853,-83.35340118
KDUG,medium_airport,Bisbee Douglas International Airport,4154,NA,US,US-AZ,Douglas Bisbee,KDUG,DUG,DUG,31.46899986,-109.6039963
KDUJ,medium_airport,DuBois Regional Airport,1817,NA,US,US-PA,Dubois,KDUJ,DUJ,DUJ,41.17829895,-78.8986969
KDYS,large_airport,Dyess Air Force Base,1789,NA,US,US-TX,Abilene,KDYS,DYS,DYS,32.42079926,-99.854599
KEAT,medium_airport,Pangborn Memorial Airport,1249,NA,US,US-WA,Wenatchee,KEAT,EAT,EAT,47.39889908,-120.2070007
KEAU,medium_airport,Chippewa Valley Regional Airport,913,NA,US,US-WI,Eau Claire,KEAU,EAU,EAU,44.86579895,-91.48429871
KECG,medium_airport,Elizabeth City Regional Airport & Coast Guard Air Station,12,NA,US,US-NC,Elizabeth City,KECG,ECG,ECG,36.26060104,-76.17459869
KECP,medium_airport,Northwest Florida Beaches International Airport,69,NA,US,US-FL,Panama City Beach,KECP,ECP,ECP,30.357106,-85.795414
KEDW,large_airport,Edwards Air Force Base,2312,NA,US,US-CA,Edwards,KEDW,EDW,EDW,34.905399,-117.884003
KEED,medium_airport,Needles Airport,983,NA,US,US-CA,Needles,KEED,EED,EED,34.7663002,-114.6230011
KEEN,medium_airport,Dillant Hopkins Airport,488,NA,US,US-NH,Keene,KEEN,EEN,EEN,42.89839935,-72.27079773
KEFD,medium_airport,Ellington Airport,32,NA,US,US-TX,Houston,KEFD,EFD,EFD,29.6072998,-95.15879822
KEGE,medium_airport,Eagle County Regional Airport,6548,NA,US,US-CO,Eagle,KEGE,EGE,EGE,39.64260101,-106.9179993
KEGI,medium_airport,Duke Field,191,NA,US,US-FL,Crestview,KEGI,EGI,EGI,30.65040016,-86.52290344
KEKA,medium_airport,Murray Field,7,NA,US,US-CA,Eureka,KEKA,EKA,EKA,40.80339813,-124.112999
KEKN,medium_airport,Elkins-Randolph Co-Jennings Randolph Field,1987,NA,US,US-WV,Elkins,KEKN,EKN,EKN,38.88940048,-79.85710144
KEKO,medium_airport,Elko Regional Airport,5140,NA,US,US-NV,Elko,KEKO,EKO,EKO,40.82490158,-115.7919998
KELD,medium_airport,South Arkansas Regional At Goodwin Field,277,NA,US,US-AR,El Dorado,KELD,ELD,ELD,33.22100067,-92.81330109
KELM,medium_airport,Elmira Corning Regional Airport,954,NA,US,US-NY,Elmira/Corning,KELM,ELM,ELM,42.15990067,-76.89160156
KELO,medium_airport,Ely Municipal Airport,1456,NA,US,US-MN,Ely,KELO,LYU,ELO,47.82450104,-91.83070374
KELP,medium_airport,El Paso International Airport,3959,NA,US,US-TX,El Paso,KELP,ELP,ELP,31.80719948,-106.3779984
KELY,medium_airport,Ely Airport Yelland Field,6259,NA,US,US-NV,Ely,KELY,ELY,ELY,39.29970169,-114.8420029
KEND,large_airport,Vance Air Force Base,1307,NA,US,US-OK,Enid,KEND,END,END,36.33919907,-97.91649628
KENV,medium_airport,Wendover Airport,4237,NA,US,US-UT,Wendover,KENV,ENV,ENV,40.71870041,-114.0309982
KENW,medium_airport,Kenosha Regional Airport,742,NA,US,US-WI,Kenosha,KENW,ENW,ENW,42.59569931,-87.92780304
KERI,large_airport,Erie International Tom Ridge Field,732,NA,US,US-PA,Erie,KERI,ERI,ERI,42.08312701,-80.17386675
KESF,medium_airport,Esler Regional Airport,112,NA,US,US-LA,Alexandria,KESF,ESF,ESF,31.39489937,-92.29579926
KEUG,medium_airport,Mahlon Sweet Field,374,NA,US,US-OR,Eugene,KEUG,EUG,EUG,44.12459946,-123.211998
KEVV,medium_airport,Evansville Regional Airport,418,NA,US,US-IN,Evansville,KEVV,EVV,EVV,38.03699875,-87.53240204
KEVW,medium_airport,Evanston-Uinta County Airport-Burns Field,7143,NA,US,US-WY,Evanston,KEVW,EVW,EVW,41.27479935,-111.0350037
KEWB,medium_airport,New Bedford Regional Airport,80,NA,US,US-MA,New Bedford,KEWB,EWB,EWB,41.67610168,-70.95690155
KEWN,medium_airport,Coastal Carolina Regional Airport,18,NA,US,US-NC,New Bern,KEWN,EWN,EWN,35.07300186,-77.04290009
KEWR,large_airport,Newark Liberty International Airport,18,NA,US,US-NJ,Newark,KEWR,EWR,EWR,40.69250107,-74.16870117
KEYW,medium_airport,Key West International Airport,3,NA,US,US-FL,Key West,KEYW,EYW,EYW,24.55610085,-81.75959778
KFAF,medium_airport,Felker Army Air Field,12,NA,US,US-VA,Fort Eustis,KFAF,FAF,FAF,37.13249969,-76.6088028
KFAR,medium_airport,Hector International Airport,902,NA,US,US-ND,Fargo,KFAR,FAR,FAR,46.92070007,-96.81580353
KFAT,medium_airport,Fresno Yosemite International Airport,336,NA,US,US-CA,Fresno,KFAT,FAT,FAT,36.776199,-119.718002
KFAY,medium_airport,Fayetteville Regional Grannis Field,189,NA,US,US-NC,Fayetteville,KFAY,FAY,FAY,34.99119949,-78.88030243
KFBG,medium_airport,Simmons Army Air Field,244,NA,US,US-NC,Fort Bragg,KFBG,FBG,FBG,35.13180161,-78.93669891
KFCS,medium_airport,Butts AAF (Fort Carson) Air Field,5838,NA,US,US-CO,Fort Carson,KFCS,FCS,FCS,38.67839813,-104.7570038
KFDY,medium_airport,Findlay Airport,813,NA,US,US-OH,Findlay,KFDY,FDY,FDY,41.01350021,-83.66870117
KFFO,large_airport,Wright-Patterson Air Force Base,823,NA,US,US-OH,Dayton,KFFO,FFO,FFO,39.8260994,-84.0483017
KFHU,medium_airport,Sierra Vista Municipal Airport / Libby Army Air Field,4719,NA,US,US-AZ,Fort Huachuca / Sierra Vista,KFHU,FHU,FHU,31.587383,-110.348225
KFKL,medium_airport,Venango Regional Airport,1540,NA,US,US-PA,Franklin,KFKL,FKL,FKL,41.37789917,-79.86039734
KFLG,medium_airport,Flagstaff Pulliam Airport,7014,NA,US,US-AZ,Flagstaff,KFLG,FLG,FLG,35.13850021,-111.6709976
KFLL,large_airport,Fort Lauderdale Hollywood International Airport,9,NA,US,US-FL,Fort Lauderdale,KFLL,FLL,FLL,26.072599,-80.152702
KFLO,medium_airport,Florence Regional Airport,146,NA,US,US-SC,Florence,KFLO,FLO,FLO,34.1853981,-79.72389984
KFME,medium_airport,Tipton Airport,150,NA,US,US-MD,Fort Meade(Odenton),KFME,FME,FME,39.08539963,-76.75939941
KFMN,medium_airport,Four Corners Regional Airport,5506,NA,US,US-NM,Farmington,KFMN,FMN,FMN,36.74119949,-108.2300034
KFMY,medium_airport,Page Field,17,NA,US,US-FL,Fort Myers,KFMY,FMY,FMY,26.58659935,-81.86329651
KFNT,medium_airport,Bishop International Airport,782,NA,US,US-MI,Flint,KFNT,FNT,FNT,42.9654007,-83.74359894
KFOD,medium_airport,Fort Dodge Regional Airport,1156,NA,US,US-IA,Fort Dodge,KFOD,FOD,FOD,42.55149841,-94.19259644
KFOE,medium_airport,Topeka Regional Airport - Forbes Field,1078,NA,US,US-KS,Topeka,KFOE,FOE,FOE,38.95090103,-95.66359711
KFPR,medium_airport,St Lucie County International Airport,24,NA,US,US-FL,Fort Pierce,KFPR,FPR,FPR,27.49510002,-80.36830139
KFRG,medium_airport,Republic Airport,82,NA,US,US-NY,Farmingdale,KFRG,FRG,FRG,40.72880173,-73.41339874
KFRI,medium_airport,Marshall Army Air Field,1065,NA,US,US-KS,Fort Riley(Junction City),KFRI,FRI,FRI,39.05530167,-96.76450348
KFSD,medium_airport,Joe Foss Field Airport,1429,NA,US,US-SD,Sioux Falls,KFSD,FSD,FSD,43.58200073,-96.74189758
KFSI,medium_airport,Henry Post Army Air Field (Fort Sill),1189,NA,US,US-OK,Fort Sill,KFSI,FSI,FSI,34.64979935,-98.40219879
KFSM,large_airport,Fort Smith Regional Airport,469,NA,US,US-AR,Fort Smith,KFSM,FSM,FSM,35.33660126,-94.36740112
KFST,medium_airport,Fort Stockton Pecos County Airport,3011,NA,US,US-TX,Fort Stockton,KFST,FST,FST,30.91570091,-102.9160004
KFTK,medium_airport,Godman Army Air Field,756,NA,US,US-KY,Fort Knox,KFTK,FTK,FTK,37.90710068,-85.9720993
KFTW,large_airport,Fort Worth Meacham International Airport,710,NA,US,US-TX,Fort Worth,KFTW,FTW,FTW,32.819801,-97.362396
KFTY,medium_airport,Fulton County Airport Brown Field,841,NA,US,US-GA,Atlanta,KFTY,FTY,FTY,33.77909851,-84.52140045
KFWA,large_airport,Fort Wayne International Airport,814,NA,US,US-IN,Fort Wayne,KFWA,FWA,FWA,40.97850037,-85.19509888
KFXE,medium_airport,Fort Lauderdale Executive Airport,13,NA,US,US-FL,Fort Lauderdale,KFXE,FXE,FXE,26.19729996,-80.17070007
KFYV,medium_airport,Drake Field,1251,NA,US,US-AR,Fayetteville,KFYV,FYV,FYV,36.00510025,-94.17009735
KGCC,medium_airport,Gillette Campbell County Airport,4365,NA,US,US-WY,Gillette,KGCC,GCC,GCC,44.34889984,-105.5390015
KGCK,medium_airport,Garden City Regional Airport,2891,NA,US,US-KS,Garden City,KGCK,GCK,GCK,37.92750168,-100.723999
KGCN,medium_airport,Grand Canyon National Park Airport,6609,NA,US,US-AZ,Grand Canyon,KGCN,GCN,GCN,35.95240021,-112.1470032
KGDV,medium_airport,Dawson Community Airport,2458,NA,US,US-MT,Glendive,KGDV,GDV,GDV,47.13869858,-104.8069992
KGEG,large_airport,Spokane International Airport,2376,NA,US,US-WA,Spokane,KGEG,GEG,GEG,47.61989975,-117.5339966
KGFK,medium_airport,Grand Forks International Airport,845,NA,US,US-ND,Grand Forks,KGFK,GFK,GFK,47.949299,-97.176102
KGFL,medium_airport,Floyd Bennett Memorial Airport,328,NA,US,US-NY,Glens Falls,KGFL,GFL,GFL,43.34120178,-73.61029816
KGGG,medium_airport,East Texas Regional Airport,365,NA,US,US-TX,Longview,KGGG,GGG,GGG,32.38399887,-94.71150208
KGGW,medium_airport,Wokal Field/Glasgow-Valley County Airport,2296,NA,US,US-MT,Glasgow,KGGW,GGW,GGW,48.212502,-106.614998
KGJT,medium_airport,Grand Junction Regional Airport,4858,NA,US,US-CO,Grand Junction,KGJT,GJT,GJT,39.12239838,-108.5270004
KGLD,medium_airport,Renner Field-Goodland Municipal Airport,3656,NA,US,US-KS,Goodland,KGLD,GLD,GLD,39.37060165,-101.6989975
KGLH,medium_airport,Mid Delta Regional Airport,131,NA,US,US-MS,Greenville,KGLH,GLH,GLH,33.48289871,-90.98560333
KGLS,medium_airport,Scholes International At Galveston Airport,6,NA,US,US-TX,Galveston,KGLS,GLS,GLS,29.26530075,-94.86039734
KGMU,medium_airport,Greenville Downtown Airport,1048,NA,US,US-SC,Greenville,KGMU,GMU,GMU,34.84790039,-82.34999847
KGNV,medium_airport,Gainesville Regional Airport,152,NA,US,US-FL,Gainesville,KGNV,GNV,GNV,29.69009972,-82.27179718
KGON,medium_airport,Groton New London Airport,9,NA,US,US-CT,Groton (New London),KGON,GON,GON,41.33010101,-72.04509735
KGPI,medium_airport,Glacier Park International Airport,2977,NA,US,US-MT,Kalispell,KGPI,FCA,GPI,48.3105011,-114.2559967
KGPT,large_airport,Gulfport Biloxi International Airport,28,NA,US,US-MS,Gulfport,KGPT,GPT,GPT,30.40730095,-89.07009888
KGRB,large_airport,Austin Straubel International Airport,695,NA,US,US-WI,Green Bay,KGRB,GRB,GRB,44.48509979,-88.12960052
KGRF,medium_airport,Gray Army Air Field,300,NA,US,US-WA,Fort Lewis/Tacoma,KGRF,GRF,GRF,47.07920074,-122.5810013
KGRI,medium_airport,Central Nebraska Regional Airport,1847,NA,US,US-NE,Grand Island,KGRI,GRI,GRI,40.96749878,-98.30960083
KGRK,medium_airport,Robert Gray  Army Air Field Airport,1015,NA,US,US-TX,Fort Hood/Killeen,KGRK,GRK,GRK,31.06719971,-97.8289032
KGRR,medium_airport,Gerald R. Ford International Airport,794,NA,US,US-MI,Grand Rapids,KGRR,GRR,GRR,42.88079834,-85.52279663
KGSB,large_airport,Seymour Johnson Air Force Base,109,NA,US,US-NC,Goldsboro,KGSB,GSB,GSB,35.33940125,-77.96060181
KGSO,large_airport,Piedmont Triad International Airport,925,NA,US,US-NC,Greensboro,KGSO,GSO,GSO,36.09780121,-79.93730164
KGSP,large_airport,Greenville Spartanburg International Airport,964,NA,US,US-SC,Greenville,KGSP,GSP,GSP,34.89569855,-82.21890259
KGTF,medium_airport,Great Falls International Airport,3680,NA,US,US-MT,Great Falls,KGTF,GTF,GTF,47.48199844,-111.3710022
KGTR,medium_airport,Golden Triangle Regional Airport,264,NA,US,US-MS,Columbus/W Point/Starkville,KGTR,GTR,GTR,33.45029831,-88.59140015
KGUP,medium_airport,Gallup Municipal Airport,6472,NA,US,US-NM,Gallup,KGUP,GUP,GUP,35.51110077,-108.7890015
KGUS,large_airport,Grissom Air Reserve Base,812,NA,US,US-IN,Peru,KGUS,GUS,GUS,40.64810181,-86.15209961
KGUY,medium_airport,Guymon Municipal Airport,3123,NA,US,US-OK,Guymon,KGUY,GUY,GUY,36.68510056,-101.5080032
KGWO,medium_airport,GreenwoodâLeflore Airport,162,NA,US,US-MS,Greenwood,KGWO,GWO,GWO,33.49430084,-90.08470154
KGYY,medium_airport,Gary Chicago International Airport,591,NA,US,US-IN,Gary,KGYY,GYY,GYY,41.61629868,-87.41280365
KHBG,medium_airport,Hattiesburg Bobby L Chain Municipal Airport,151,NA,US,US-MS,Hattiesburg,KHBG,HBG,HBG,31.26479912,-89.25279999
KHBR,medium_airport,Hobart Regional Airport,1563,NA,US,US-OK,Hobart,KHBR,HBR,HBR,34.991317,-99.051313
KHFD,medium_airport,Hartford Brainard Airport,18,NA,US,US-CT,Hartford,KHFD,HFD,HFD,41.73669815,-72.6493988
KHGR,medium_airport,Hagerstown Regional Richard A Henson Field,703,NA,US,US-MD,Hagerstown,KHGR,HGR,HGR,39.707901,-77.72949982
KHHR,medium_airport,Jack Northrop Field Hawthorne Municipal Airport,66,NA,US,US-CA,Hawthorne,KHHR,HHR,HHR,33.922798,-118.334999
KHIB,large_airport,Range Regional Airport,1354,NA,US,US-MN,Hibbing,KHIB,HIB,HIB,47.38660049,-92.83899689
KHIF,medium_airport,Hill Air Force Base,4789,NA,US,US-UT,Ogden,KHIF,HIF,HIF,41.12403,-111.973086
KHIO,medium_airport,Portland Hillsboro Airport,208,NA,US,US-OR,Portland,KHIO,HIO,HIO,45.540401,-122.949997
KHKY,medium_airport,Hickory Regional Airport,1190,NA,US,US-NC,Hickory,KHKY,HKY,HKY,35.74110031,-81.38950348
KHLG,medium_airport,Wheeling Ohio County Airport,1195,NA,US,US-WV,Wheeling,KHLG,HLG,HLG,40.17499924,-80.64630127
KHLN,medium_airport,Helena Regional Airport,3877,NA,US,US-MT,Helena,KHLN,HLN,HLN,46.60680008,-111.9830017
KHLR,medium_airport,Hood Army Air Field,924,NA,US,US-TX,Fort Hood(Killeen),KHLR,HLR,HLR,31.13870049,-97.71450043
KHMN,large_airport,Holloman Air Force Base,4093,NA,US,US-NM,Alamogordo,KHMN,HMN,HMN,32.85250092,-106.1070023
KHOB,medium_airport,Lea County Regional Airport,3661,NA,US,US-NM,Hobbs,KHOB,HOB,HOB,32.6875,-103.2170029
KHON,medium_airport,Huron Regional Airport,1289,NA,US,US-SD,Huron,KHON,HON,HON,44.3852005,-98.22850037
KHOP,medium_airport,Campbell AAF (Fort Campbell) Air Field,573,NA,US,US-KY,Fort Campbell/Hopkinsville,KHOP,HOP,HOP,36.66859818,-87.49620056
KHOT,medium_airport,Memorial Field,540,NA,US,US-AR,Hot Springs,KHOT,HOT,HOT,34.47800064,-93.09619904
KHOU,large_airport,William P Hobby Airport,46,NA,US,US-TX,Houston,KHOU,HOU,HOU,29.64539909,-95.27890015
KHPN,medium_airport,Westchester County Airport,439,NA,US,US-NY,White Plains,KHPN,HPN,HPN,41.06700134,-73.70760345
KHQM,medium_airport,Bowerman Airport,18,NA,US,US-WA,Hoquiam,KHQM,HQM,HQM,46.97119904,-123.9369965
KHRL,medium_airport,Valley International Airport,36,NA,US,US-TX,Harlingen,KHRL,HRL,HRL,26.22850037,-97.65440369
KHRO,medium_airport,Boone County Airport,1365,NA,US,US-AR,Harrison,KHRO,HRO,HRO,36.26150131,-93.15470123
KHST,medium_airport,Homestead ARB Airport,5,NA,US,US-FL,Homestead,KHST,HST,HST,25.48859978,-80.38359833
KHSV,large_airport,Huntsville International Carl T Jones Field,629,NA,US,US-AL,Huntsville,KHSV,HSV,HSV,34.6371994,-86.77510071
KHTS,large_airport,Tri-State/Milton J. Ferguson Field,828,NA,US,US-WV,Huntington,KHTS,HTS,HTS,38.36669922,-82.55799866
KHUA,medium_airport,Redstone Army Air Field,684,NA,US,US-AL,Redstone Arsnl Huntsville,KHUA,HUA,HUA,34.67869949,-86.68479919
KHUF,medium_airport,"Terre Haute Regional Airport, Hulman Field",589,NA,US,US-IN,Terre Haute,KHUF,HUF,HUF,39.4515,-87.307602
KHUL,medium_airport,Houlton International Airport,489,NA,US,US-ME,Houlton,KHUL,HUL,HUL,46.12310028,-67.792099
KHUT,medium_airport,Hutchinson Municipal Airport,1543,NA,US,US-KS,Hutchinson,KHUT,HUT,HUT,38.06549835,-97.86060333
KHVN,medium_airport,Tweed New Haven Airport,12,NA,US,US-CT,New Haven,KHVN,HVN,HVN,41.26369858,-72.88680267
KHVR,medium_airport,Havre City County Airport,2591,NA,US,US-MT,Havre,KHVR,HVR,HVR,48.54299927,-109.762001
KHYA,medium_airport,Barnstable Municipal Boardman Polando Field,54,NA,US,US-MA,Hyannis,KHYA,HYA,HYA,41.66930008,-70.28040314
KHYR,medium_airport,Sawyer County Airport,1216,NA,US,US-WI,Hayward,KHYR,HYR,HYR,46.02519989,-91.44429779
KHYS,medium_airport,Hays Regional Airport,1999,NA,US,US-KS,Hays,KHYS,HYS,HYS,38.84220123,-99.27320099
KIAB,medium_airport,Mc Connell Air Force Base,1371,NA,US,US-KS,Wichita,KIAB,IAB,IAB,37.62189865,-97.26820374
KIAD,large_airport,Washington Dulles International Airport,312,NA,US,US-DC,Washington,KIAD,IAD,IAD,38.94449997,-77.45580292
KIAG,medium_airport,Niagara Falls International Airport,589,NA,US,US-NY,Niagara Falls,KIAG,IAG,IAG,43.1072998,-78.94619751
KIAH,large_airport,George Bush Intercontinental Houston Airport,97,NA,US,US-TX,Houston,KIAH,IAH,IAH,29.9843998,-95.34140015
KICT,large_airport,Wichita Eisenhower National Airport,1333,NA,US,US-KS,Wichita,KICT,ICT,ICT,37.649899,-97.433098
KIDA,medium_airport,Idaho Falls Regional Airport,4744,NA,US,US-ID,Idaho Falls,KIDA,IDA,IDA,43.514599,-112.070999
KIKK,medium_airport,Greater Kankakee Airport,630,NA,US,US-IL,Kankakee,KIKK,IKK,IKK,41.07139969,-87.84629822
KILG,medium_airport,New Castle Airport,80,NA,US,US-DE,Wilmington,KILG,ILG,ILG,39.67869949,-75.60649872
KILM,medium_airport,Wilmington International Airport,32,NA,US,US-NC,Wilmington,KILM,ILM,ILM,34.27059937,-77.90260315
KILN,medium_airport,Wilmington Airpark,1077,NA,US,US-OH,Wilmington,KILN,ILN,ILN,39.42789841,-83.792099
KIND,large_airport,Indianapolis International Airport,797,NA,US,US-IN,Indianapolis,KIND,IND,IND,39.7173,-86.294403
KINK,medium_airport,Winkler County Airport,2822,NA,US,US-TX,Wink,KINK,INK,INK,31.77960014,-103.2009964
KINL,medium_airport,Falls International Airport,1185,NA,US,US-MN,International Falls,KINL,INL,INL,48.56620026,-93.40309906
KINT,medium_airport,Smith Reynolds Airport,969,NA,US,US-NC,Winston Salem,KINT,INT,INT,36.13370132,-80.22200012
KINW,medium_airport,Winslow Lindbergh Regional Airport,4941,NA,US,US-AZ,Winslow,KINW,INW,INW,35.02190018,-110.7229996
KIPL,medium_airport,Imperial County Airport,-54,NA,US,US-CA,Imperial,KIPL,IPL,IPL,32.83420181,-115.5790024
KIPT,medium_airport,Williamsport Regional Airport,529,NA,US,US-PA,Williamsport,KIPT,IPT,IPT,41.2417984,-76.9210968
KIRK,medium_airport,Kirksville Regional Airport,966,NA,US,US-MO,Kirksville,KIRK,IRK,IRK,40.09349823,-92.54489899
KISM,medium_airport,Kissimmee Gateway Airport,82,NA,US,US-FL,Orlando,KISM,ISM,ISM,28.28980064,-81.43710327
KISN,medium_airport,Sloulin Field International Airport,1982,NA,US,US-ND,Williston,KISN,ISN,ISN,48.17789841,-103.6419983
KISO,medium_airport,Kinston Regional Jetport At Stallings Field,93,NA,US,US-NC,Kinston,KISO,ISO,ISO,35.33140183,-77.6088028
KISP,medium_airport,Long Island Mac Arthur Airport,99,NA,US,US-NY,Islip,KISP,ISP,ISP,40.79520035,-73.10019684
KITH,medium_airport,Ithaca Tompkins Regional Airport,1099,NA,US,US-NY,Ithaca,KITH,ITH,ITH,42.49100113,-76.45839691
KIWA,medium_airport,Phoenix-Mesa-Gateway Airport,1382,NA,US,US-AZ,Phoenix,KIWA,AZA,IWA,33.30780029,-111.6549988
KJAC,medium_airport,Jackson Hole Airport,6451,NA,US,US-WY,Jackson,KJAC,JAC,JAC,43.6072998,-110.737999
KJAN,large_airport,Jackson-Medgar Wiley Evers International Airport,346,NA,US,US-MS,Jackson,KJAN,JAN,JAN,32.31119919,-90.07589722
KJAX,large_airport,Jacksonville International Airport,30,NA,US,US-FL,Jacksonville,KJAX,JAX,JAX,30.49410057,-81.68789673
KJBR,medium_airport,Jonesboro Municipal Airport,262,NA,US,US-AR,Jonesboro,KJBR,JBR,JBR,35.83169937,-90.64640045
KJCT,medium_airport,Kimble County Airport,1749,NA,US,US-TX,Junction,KJCT,JCT,JCT,30.51129913,-99.7634964
KJFK,large_airport,John F Kennedy International Airport,13,NA,US,US-NY,New York,KJFK,JFK,JFK,40.639801,-73.7789
KJHW,medium_airport,Chautauqua County-Jamestown Airport,1723,NA,US,US-NY,Jamestown,KJHW,JHW,JHW,42.15340042,-79.25800323
KJLN,large_airport,Joplin Regional Airport,981,NA,US,US-MO,Joplin,KJLN,JLN,JLN,37.15179825,-94.49829865
KJMS,medium_airport,Jamestown Regional Airport,1500,NA,US,US-ND,Jamestown,KJMS,JMS,JMS,46.92969894,-98.67819977
KJST,medium_airport,John Murtha Johnstown Cambria County Airport,2284,NA,US,US-PA,Johnstown,KJST,JST,JST,40.31610107,-78.83390045
KJXN,medium_airport,Jackson County Reynolds Field,1001,NA,US,US-MI,Jackson,KJXN,JXN,JXN,42.25979996,-84.45939636
KKLS,medium_airport,Southwest Washington Regional Airport,20,NA,US,US-WA,Kelso,KKLS,KLS,KLS,46.11800003,-122.8980026
KLAF,medium_airport,Purdue University Airport,606,NA,US,US-IN,Lafayette,KLAF,LAF,LAF,40.41230011,-86.93689728
KLAL,medium_airport,Lakeland Linder International Airport,142,NA,US,US-FL,Lakeland,KLAL,LAL,LAL,27.988899,-82.018602
KLAN,medium_airport,Capital City Airport,861,NA,US,US-MI,Lansing,KLAN,LAN,LAN,42.77870178,-84.58740234
KLAR,medium_airport,Laramie Regional Airport,7284,NA,US,US-WY,Laramie,KLAR,LAR,LAR,41.31209946,-105.6750031
KLAS,large_airport,McCarran International Airport,2181,NA,US,US-NV,Las Vegas,KLAS,LAS,LAS,36.08010101,-115.1520004
KLAW,medium_airport,Lawton Fort Sill Regional Airport,1110,NA,US,US-OK,Lawton,KLAW,LAW,LAW,34.56769943,-98.41660309
KLAX,large_airport,Los Angeles International Airport,125,NA,US,US-CA,Los Angeles,KLAX,LAX,LAX,33.942501,-118.407997
KLBB,large_airport,Lubbock Preston Smith International Airport,3282,NA,US,US-TX,Lubbock,KLBB,LBB,LBB,33.663601,-101.822998
KLBE,medium_airport,Arnold Palmer Regional Airport,1199,NA,US,US-PA,Latrobe,KLBE,LBE,LBE,40.27590179,-79.40480042
KLBF,medium_airport,North Platte Regional Airport Lee Bird Field,2777,NA,US,US-NE,North Platte,KLBF,LBF,LBF,41.12620163,-100.6839981
KLBL,medium_airport,Liberal Mid-America Regional Airport,2885,NA,US,US-KS,Liberal,KLBL,LBL,LBL,37.0442009,-100.9599991
KLBT,medium_airport,Lumberton Regional Airport,126,NA,US,US-NC,Lumberton,KLBT,LBT,LBT,34.60990143,-79.05940247
KLBX,medium_airport,Texas Gulf Coast Regional Airport,25,NA,US,US-TX,Angleton/Lake Jackson,KLBX,LJN,LBX,29.10860062,-95.46209717
KLCH,medium_airport,Lake Charles Regional Airport,15,NA,US,US-LA,Lake Charles,KLCH,LCH,LCH,30.12610054,-93.22329712
KLCK,large_airport,Rickenbacker International Airport,744,NA,US,US-OH,Columbus,KLCK,LCK,LCK,39.813801,-82.927803
KLEB,medium_airport,Lebanon Municipal Airport,603,NA,US,US-NH,Lebanon,KLEB,LEB,LEB,43.62609863,-72.30419922
KLEE,medium_airport,Leesburg International Airport,76,NA,US,US-FL,Leesburg,KLEE,LEE,LEE,28.82309914,-81.80870056
KLEX,large_airport,Blue Grass Airport,979,NA,US,US-KY,Lexington,KLEX,LEX,LEX,38.03649902,-84.60590363
KLFI,large_airport,Langley Air Force Base,11,NA,US,US-VA,Hampton,KLFI,LFI,LFI,37.082901,-76.36049652
KLFK,medium_airport,Angelina County Airport,296,NA,US,US-TX,Lufkin,KLFK,LFK,LFK,31.23399925,-94.75
KLFT,large_airport,Lafayette Regional Airport,42,NA,US,US-LA,Lafayette,KLFT,LFT,LFT,30.20529938,-91.98760223
KLGA,large_airport,La Guardia Airport,21,NA,US,US-NY,New York,KLGA,LGA,LGA,40.777199,-73.872597
KLGB,medium_airport,Long Beach /Daugherty Field/ Airport,60,NA,US,US-CA,Long Beach,KLGB,LGB,LGB,33.81769943,-118.1520004
KLGU,medium_airport,Logan-Cache Airport,4457,NA,US,US-UT,Logan,KLGU,LGU,LGU,41.79119873,-111.8519974
KLIT,large_airport,Bill & Hillary Clinton National Airport/Adams Field,262,NA,US,US-AR,Little Rock,KLIT,LIT,LIT,34.72940063,-92.22429657
KLMT,medium_airport,Crater Lake-Klamath Regional Airport,4095,NA,US,US-OR,Klamath Falls,KLMT,LMT,LMT,42.156101,-121.733002
KLND,medium_airport,Hunt Field,5586,NA,US,US-WY,Lander,KLND,LND,LND,42.81520081,-108.7300034
KLNK,medium_airport,Lincoln Airport,1219,NA,US,US-NE,Lincoln,KLNK,LNK,LNK,40.85100174,-96.75920105
KLNS,medium_airport,Lancaster Airport,403,NA,US,US-PA,Lancaster,KLNS,LNS,LNS,40.12170029,-76.2960968
KLOL,medium_airport,Derby Field,3904,NA,US,US-NV,Lovelock,KLOL,LOL,LOL,40.06639862,-118.5650024
KLOU,medium_airport,Bowman Field,546,NA,US,US-KY,Louisville,KLOU,LOU,LOU,38.22800064,-85.66369629
KLOZ,medium_airport,London-Corbin Airport/Magee Field,1212,NA,US,US-KY,London,KLOZ,LOZ,LOZ,37.0821991,-84.0848999
KLRD,medium_airport,Laredo International Airport,508,NA,US,US-TX,Laredo,KLRD,LRD,LRD,27.54380035,-99.46160126
KLRF,medium_airport,Little Rock Air Force Base,311,NA,US,US-AR,Jacksonville,KLRF,LRF,LRF,34.91690063,-92.14969635
KLRU,medium_airport,Las Cruces International Airport,4456,NA,US,US-NM,Las Cruces,KLRU,LRU,LRU,32.28939819,-106.9219971
KLSE,medium_airport,La Crosse Municipal Airport,655,NA,US,US-WI,La Crosse,KLSE,LSE,LSE,43.879002,-91.256699
KLSF,medium_airport,Lawson Army Air Field (Fort Benning),232,NA,US,US-GA,Fort Benning(Columbus),KLSF,LSF,LSF,32.33729935,-84.99130249
KLSV,medium_airport,Nellis Air Force Base,1870,NA,US,US-NV,Las Vegas,KLSV,LSV,LSV,36.23619843,-115.0339966
KLTS,large_airport,Altus Air Force Base,1382,NA,US,US-OK,Altus,KLTS,LTS,LTS,34.667099,-99.26670074
KLUF,large_airport,Luke Air Force Base,1085,NA,US,US-AZ,Glendale,KLUF,LUF,LUF,33.53499985,-112.3830032
KLUK,medium_airport,Cincinnati Municipal Airport Lunken Field,483,NA,US,US-OH,Cincinnati,KLUK,LUK,LUK,39.10329819,-84.41860199
KLVM,medium_airport,Mission Field,4660,NA,US,US-MT,Livingston,KLVM,LVM,LVM,45.69940186,-110.447998
KLVS,medium_airport,Las Vegas Municipal Airport,6877,NA,US,US-NM,Las Vegas,KLVS,LVS,LVS,35.65420151,-105.1419983
KLWB,medium_airport,Greenbrier Valley Airport,2302,NA,US,US-WV,Lewisburg,KLWB,LWB,LWB,37.85829926,-80.39949799
KLWM,medium_airport,Lawrence Municipal Airport,148,NA,US,US-MA,Lawrence,KLWM,LWM,LWM,42.71720123,-71.12339783
KLWS,medium_airport,Lewiston Nez Perce County Airport,1442,NA,US,US-ID,Lewiston,KLWS,LWS,LWS,46.37450027,-117.0149994
KLWT,medium_airport,Lewistown Municipal Airport,4170,NA,US,US-MT,Lewistown,KLWT,LWT,LWT,47.04930115,-109.4670029
KLYH,medium_airport,Lynchburg Regional Preston Glenn Field,938,NA,US,US-VA,Lynchburg,KLYH,LYH,LYH,37.3266983,-79.20040131
KMAF,medium_airport,Midland International Airport,2871,NA,US,US-TX,Midland,KMAF,MAF,MAF,31.94249916,-102.2020035
KMBG,medium_airport,Mobridge Municipal Airport,1716,NA,US,US-SD,Mobridge,KMBG,MBG,MBG,45.54650116,-100.4079971
KMBS,large_airport,MBS International Airport,668,NA,US,US-MI,Saginaw,KMBS,MBS,MBS,43.53290176,-84.07959747
KMCB,medium_airport,Mc Comb/Pike County Airport/John E Lewis Field,413,NA,US,US-MS,Mc Comb,KMCB,MCB,MCB,31.17849922,-90.47190094
KMCC,medium_airport,Mc Clellan Airfield,77,NA,US,US-CA,Sacramento,KMCC,MCC,MCC,38.66759872,-121.401001
KMCE,medium_airport,Merced Regional Macready Field,155,NA,US,US-CA,Merced,KMCE,MCE,MCE,37.28469849,-120.5139999
KMCF,large_airport,Mac Dill Air Force Base,14,NA,US,US-FL,Tampa,KMCF,MCF,MCF,27.84930038,-82.52120209
KMCI,large_airport,Kansas City International Airport,1026,NA,US,US-MO,Kansas City,KMCI,MCI,MCI,39.2976,-94.713898
KMCK,medium_airport,Mc Cook Ben Nelson Regional Airport,2583,NA,US,US-NE,Mc Cook,KMCK,MCK,MCK,40.20629883,-100.5920029
KMCN,medium_airport,Middle Georgia Regional Airport,354,NA,US,US-GA,Macon,KMCN,MCN,MCN,32.69279861,-83.64920044
KMCO,large_airport,Orlando International Airport,96,NA,US,US-FL,Orlando,KMCO,MCO,MCO,28.42939949,-81.30899811
KMCW,medium_airport,Mason City Municipal Airport,1213,NA,US,US-IA,Mason City,KMCW,MCW,MCW,43.15779877,-93.33129883
KMDH,medium_airport,Southern Illinois Airport,411,NA,US,US-IL,Carbondale/Murphysboro,KMDH,MDH,MDH,37.77809906,-89.2519989
KMDT,medium_airport,Harrisburg International Airport,310,NA,US,US-PA,Harrisburg,KMDT,MDT,MDT,40.19350052,-76.76339722
KMDW,large_airport,Chicago Midway International Airport,620,NA,US,US-IL,Chicago,KMDW,MDW,MDW,41.785999,-87.752403
KMEI,medium_airport,Key Field,297,NA,US,US-MS,Meridian,KMEI,MEI,MEI,32.33259964,-88.75189972
KMEM,large_airport,Memphis International Airport,341,NA,US,US-TN,Memphis,KMEM,MEM,MEM,35.04240036,-89.97669983
KMER,medium_airport,Castle Airport,191,NA,US,US-CA,Merced,KMER,MER,MER,37.38050079,-120.5680008
KMFD,medium_airport,Mansfield Lahm Regional Airport,1297,NA,US,US-OH,Mansfield,KMFD,MFD,MFD,40.82139969,-82.51660156
KMFE,medium_airport,Mc Allen Miller International Airport,107,NA,US,US-TX,Mc Allen,KMFE,MFE,MFE,26.17580032,-98.23860168
KMFR,medium_airport,Rogue Valley International Medford Airport,1335,NA,US,US-OR,Medford,KMFR,MFR,MFR,42.37419891,-122.8730011
KMGE,large_airport,Dobbins Air Reserve Base,1068,NA,US,US-GA,Marietta,KMGE,MGE,MGE,33.91540146,-84.51629639
KMGM,large_airport,Montgomery Regional (Dannelly Field) Airport,221,NA,US,US-AL,Montgomery,KMGM,MGM,MGM,32.30059814,-86.39399719
KMGW,medium_airport,Morgantown Municipal Walter L. Bill Hart Field,1248,NA,US,US-WV,Morgantown,KMGW,MGW,MGW,39.64289856,-79.91629791
KMHK,medium_airport,Manhattan Regional Airport,1057,NA,US,US-KS,Manhattan,KMHK,MHK,MHK,39.14099884,-96.67079926
KMHR,medium_airport,Sacramento Mather Airport,98,NA,US,US-CA,Sacramento,KMHR,MHR,MHR,38.55390167,-121.2979965
KMHT,large_airport,Manchester-Boston Regional Airport,266,NA,US,US-NH,Manchester,KMHT,MHT,MHT,42.932598,-71.435699
KMIA,large_airport,Miami International Airport,8,NA,US,US-FL,Miami,KMIA,MIA,MIA,25.79319954,-80.29060364
KMIB,medium_airport,Minot Air Force Base,1667,NA,US,US-ND,Minot,KMIB,MIB,MIB,48.4156,-101.358002
KMIE,medium_airport,Delaware County Johnson Field,937,NA,US,US-IN,Muncie,KMIE,MIE,MIE,40.24229813,-85.39589691
KMIV,medium_airport,Millville Municipal Airport,85,NA,US,US-NJ,Millville,KMIV,MIV,MIV,39.367802,-75.072197
KMKC,medium_airport,Charles B. Wheeler Downtown Airport,759,NA,US,US-MO,Kansas City,KMKC,MKC,MKC,39.12319946,-94.59279633
KMKE,large_airport,General Mitchell International Airport,723,NA,US,US-WI,Milwaukee,KMKE,MKE,MKE,42.94720078,-87.89659882
KMKG,medium_airport,Muskegon County Airport,629,NA,US,US-MI,Muskegon,KMKG,MKG,MKG,43.169498,-86.238197
KMKL,medium_airport,McKellar-Sipes Regional Airport,434,NA,US,US-TN,Jackson,KMKL,MKL,MKL,35.599899,-88.915604
KMLB,medium_airport,Melbourne International Airport,33,NA,US,US-FL,Melbourne,KMLB,MLB,MLB,28.10280037,-80.64530182
KMLC,medium_airport,Mc Alester Regional Airport,770,NA,US,US-OK,Mc Alester,KMLC,MLC,MLC,34.882401,-95.783501
KMLI,large_airport,Quad City International Airport,590,NA,US,US-IL,Moline,KMLI,MLI,MLI,41.44850159,-90.50749969
KMLS,medium_airport,Frank Wiley Field,2630,NA,US,US-MT,Miles City,KMLS,MLS,MLS,46.4280014,-105.8860016
KMLU,large_airport,Monroe Regional Airport,79,NA,US,US-LA,Monroe,KMLU,MLU,MLU,32.51089859,-92.03769684
KMMT,medium_airport,Mc Entire Joint National Guard Base,254,NA,US,US-SC,Eastover,KMMT,MMT,MMT,33.92079926,-80.80130005
KMMU,medium_airport,Morristown Municipal Airport,187,NA,US,US-NJ,Morristown,KMMU,MMU,MMU,40.79940033,-74.41490173
KMOB,large_airport,Mobile Regional Airport,219,NA,US,US-AL,Mobile,KMOB,MOB,MOB,30.69120026,-88.24279785
KMOD,medium_airport,Modesto City Co-Harry Sham Field,97,NA,US,US-CA,Modesto,KMOD,MOD,MOD,37.62580109,-120.9540024
KMOT,medium_airport,Minot International Airport,1716,NA,US,US-ND,Minot,KMOT,MOT,MOT,48.25939941,-101.2799988
KMPV,medium_airport,Edward F Knapp State Airport,1166,NA,US,US-VT,Barre/Montpelier,KMPV,MPV,MPV,44.20349884,-72.56230164
KMQY,medium_airport,Smyrna Airport,543,NA,US,US-TN,Smyrna,KMQY,MQY,MQY,36.00899887,-86.52010345
KMRB,medium_airport,Eastern WV Regional Airport/Shepherd Field,565,NA,US,US-WV,Martinsburg,KMRB,MRB,MRB,39.40190125,-77.98459625
KMRY,medium_airport,Monterey Peninsula Airport,257,NA,US,US-CA,Monterey,KMRY,MRY,MRY,36.5870018,-121.8430023
KMSL,medium_airport,Northwest Alabama Regional Airport,551,NA,US,US-AL,Muscle Shoals,KMSL,MSL,MSL,34.74530029,-87.61019897
KMSN,large_airport,Dane County Regional Truax Field,887,NA,US,US-WI,Madison,KMSN,MSN,MSN,43.13990021,-89.33750153
KMSO,medium_airport,Missoula International Airport,3206,NA,US,US-MT,Missoula,KMSO,MSO,MSO,46.91630173,-114.0910034
KMSP,large_airport,Minneapolis-St Paul International/Wold-Chamberlain Airport,841,NA,US,US-MN,Minneapolis,KMSP,MSP,MSP,44.882,-93.221802
KMSS,medium_airport,Massena International Richards Field,215,NA,US,US-NY,Massena,KMSS,MSS,MSS,44.93579865,-74.84559631
KMSY,large_airport,Louis Armstrong New Orleans International Airport,4,NA,US,US-LA,New Orleans,KMSY,MSY,MSY,29.99340057,-90.25800323
KMTC,medium_airport,Selfridge Air National Guard Base Airport,580,NA,US,US-MI,Mount Clemens,KMTC,MTC,MTC,42.613463,-82.836919
KMTH,medium_airport,The Florida Keys Marathon Airport,5,NA,US,US-FL,Marathon,KMTH,MTH,MTH,24.726101,-81.051399
KMTJ,medium_airport,Montrose Regional Airport,5759,NA,US,US-CO,Montrose,KMTJ,MTJ,MTJ,38.50979996,-107.8939972
KMTN,medium_airport,Martin State Airport,21,NA,US,US-MD,Baltimore,KMTN,MTN,MTN,39.325699,-76.413803
KMUI,medium_airport,Muir Army Air Field (Fort Indiantown Gap) Airport,488,NA,US,US-PA,Fort Indiantown Gap(Annville),KMUI,MUI,MUI,40.434799,-76.569397
KMUO,large_airport,Mountain Home Air Force Base,2996,NA,US,US-ID,Mountain Home,KMUO,MUO,MUO,43.043598,-115.872002
KMWH,medium_airport,Grant County International Airport,1189,NA,US,US-WA,Moses Lake,KMWH,MWH,MWH,47.20769882,-119.3199997
KMXF,medium_airport,Maxwell Air Force Base,171,NA,US,US-AL,Montgomery,KMXF,MXF,MXF,32.3829,-86.365799
KMYL,medium_airport,McCall Municipal Airport,5024,NA,US,US-ID,McCall,KMYL,MYL,MYL,44.88970184,-116.1009979
KMYR,medium_airport,Myrtle Beach International Airport,25,NA,US,US-SC,Myrtle Beach,KMYR,MYR,MYR,33.67969894,-78.92829895
KMYV,medium_airport,Yuba County Airport,64,NA,US,US-CA,Marysville,KMYV,MYV,MYV,39.09780121,-121.5699997
KNBG,medium_airport,New Orleans NAS JRB/Alvin Callender Field,2,NA,US,US-LA,New Orleans,KNBG,NBG,NBG,29.82530022,-90.03500366
KNEL,medium_airport,Lakehurst Maxfield Field Airport,101,NA,US,US-NJ,Lakehurst,KNEL,NEL,NEL,40.03329849,-74.353302
KNEW,medium_airport,Lakefront Airport,8,NA,US,US-LA,New Orleans,KNEW,NEW,NEW,30.04240036,-90.02829742
KNFL,medium_airport,Fallon Naval Air Station,3934,NA,US,US-NV,Fallon,KNFL,NFL,NFL,39.41659927,-118.7009964
KNFW,medium_airport,NAS Fort Worth JRB/Carswell Field,650,NA,US,US-TX,Fort Worth,KNFW,FWH,NFW,32.76919937,-97.4414978
KNGU,medium_airport,Norfolk Naval Station (Chambers Field),17,NA,US,US-VA,Norfolk,KNGU,NGU,NGU,36.937599,-76.289299
KNHK,medium_airport,Patuxent River Naval Air Station (Trapnell Field),39,NA,US,US-MD,Patuxent River,KNHK,NHK,NHK,38.285999,-76.411797
KNHZ,medium_airport,Brunswick Executive Airport,72,NA,US,US-ME,Brunswick,KBXM,NHZ,BXM,43.89220047,-69.93859863
KNIP,medium_airport,Jacksonville Naval Air Station (Towers Field),21,NA,US,US-FL,Jacksonville,KNIP,NIP,NIP,30.2358,-81.680603
KNJK,medium_airport,El Centro NAF Airport (Vraciu Field),-42,NA,US,US-CA,El Centro,KNJK,NJK,NJK,32.829201,-115.671996
KNKX,medium_airport,Miramar Marine Corps Air Station - Mitscher Field,477,NA,US,US-CA,San Diego,KNKX,NKX,NKX,32.86840057,-117.1429977
KNLC,medium_airport,Lemoore Naval Air Station (Reeves Field) Airport,232,NA,US,US-CA,Lemoore,KNLC,NLC,NLC,36.33300018,-119.9520035
KNPA,medium_airport,Pensacola Naval Air Station/Forrest Sherman Field,28,NA,US,US-FL,Pensacola,KNPA,NPA,NPA,30.35269928,-87.31860352
KNQA,medium_airport,Millington-Memphis Airport,320,NA,US,US-TN,Millington,KNQA,NQA,NQA,35.356701,-89.8703
KNQI,medium_airport,Kingsville Naval Air Station,50,NA,US,US-TX,Kingsville,KNQI,NQI,NQI,27.50720024,-97.80970001
KNQX,medium_airport,Naval Air Station Key West/Boca Chica Field,6,NA,US,US-FL,Key West,KNQX,NQX,NQX,24.57579994,-81.68890381
KNRB,medium_airport,Naval Station Mayport (Admiral David L. Mcdonald Field),15,NA,US,US-FL,Mayport,KNRB,NRB,NRB,30.39109993,-81.42469788
KNSE,medium_airport,Whiting Field Naval Air Station - North,199,NA,US,US-FL,Milton,KNSE,NSE,NSE,30.7241993,-87.02189636
KNTD,medium_airport,Point Mugu Naval Air Station (Naval Base Ventura Co),13,NA,US,US-CA,Point Mugu,KNTD,NTD,NTD,34.12030029,-119.1210022
KNTU,medium_airport,Oceana Naval Air Station,23,NA,US,US-VA,Virginia Beach,KNTU,NTU,NTU,36.820702,-76.033501
KNUQ,medium_airport,Moffett Federal Airfield,32,NA,US,US-CA,Mountain View,KNUQ,NUQ,NUQ,37.4161,-122.049004
KNUW,medium_airport,Whidbey Island Naval Air Station (Ault Field),47,NA,US,US-WA,Oak Harbor,KNUW,NUW,NUW,48.351799,-122.655998
KNYL,medium_airport,Yuma MCAS/Yuma International Airport,213,NA,US,US-AZ,Yuma,KNYL,YUM,NYL,32.65660095,-114.6060028
KNZY,medium_airport,North Island Naval Air Station-Halsey Field,26,NA,US,US-CA,San Diego,KNZY,NZY,NZY,32.69919968,-117.2149963
KOAJ,medium_airport,Albert J Ellis Airport,94,NA,US,US-NC,Jacksonville,KOAJ,OAJ,OAJ,34.82920074,-77.61209869
KOAK,large_airport,Metropolitan Oakland International Airport,9,NA,US,US-CA,Oakland,KOAK,OAK,OAK,37.721298,-122.221001
KOFF,medium_airport,Offutt Air Force Base,1052,NA,US,US-NE,Omaha,KOFF,OFF,OFF,41.11830139,-95.91249847
KOFK,medium_airport,Karl Stefan Memorial Airport,1573,NA,US,US-NE,Norfolk,KOFK,OFK,OFK,41.98550034,-97.43509674
KOGB,medium_airport,Orangeburg Municipal Airport,195,NA,US,US-SC,Orangeburg,KOGB,OGB,OGB,33.45679855,-80.85949707
KOGD,medium_airport,Ogden Hinckley Airport,4473,NA,US,US-UT,Ogden,KOGD,OGD,OGD,41.19589996,-112.012001
KOKC,large_airport,Will Rogers World Airport,1295,NA,US,US-OK,Oklahoma City,KOKC,OKC,OKC,35.39310074,-97.60070038
KOLF,medium_airport,L M Clayton Airport,1986,NA,US,US-MT,Wolf Point,KOLF,OLF,OLF,48.0945015,-105.5749969
KOLM,medium_airport,Olympia Regional Airport,209,NA,US,US-WA,Olympia,KOLM,OLM,OLM,46.9693985,-122.9029999
KOLS,medium_airport,Nogales International Airport,3955,NA,US,US-AZ,Nogales,KOLS,OLS,OLS,31.4177,-110.848
KOMA,large_airport,Eppley Airfield,984,NA,US,US-NE,Omaha,KOMA,OMA,OMA,41.3032,-95.894096
KONP,medium_airport,Newport Municipal Airport,160,NA,US,US-OR,Newport,KONP,ONP,ONP,44.580399,-124.057999
KONT,large_airport,Ontario International Airport,944,NA,US,US-CA,Ontario,KONT,ONT,ONT,34.05599976,-117.6009979
KOPF,medium_airport,Miami-Opa Locka Executive Airport,8,NA,US,US-FL,Miami,KOPF,OPF,OPF,25.907,-80.278397
KOQU,medium_airport,Quonset State Airport,18,NA,US,US-RI,North Kingstown,KOQU,NCO,OQU,41.5970993,-71.41210175
KORD,large_airport,Chicago O'Hare International Airport,672,NA,US,US-IL,Chicago,KORD,ORD,ORD,41.9786,-87.9048
KORF,large_airport,Norfolk International Airport,26,NA,US,US-VA,Norfolk,KORF,ORF,ORF,36.89459991,-76.20120239
KORH,medium_airport,Worcester Regional Airport,1009,NA,US,US-MA,Worcester,KORH,ORH,ORH,42.26729965,-71.8757019
KOSH,medium_airport,Wittman Regional Airport,808,NA,US,US-WI,Oshkosh,KOSH,OSH,OSH,43.9844017,-88.55699921
KOSU,medium_airport,The Ohio State University Airport - Don Scott Field,905,NA,US,US-OH,Columbus,KOSU,OSU,OSU,40.0798,-83.072998
KOTH,medium_airport,Southwest Oregon Regional Airport,17,NA,US,US-OR,North Bend,KOTH,OTH,OTH,43.417099,-124.2460022
KOTM,medium_airport,Ottumwa Regional Airport,845,NA,US,US-IA,Ottumwa,KOTM,OTM,OTM,41.10660172,-92.44789886
KOWB,medium_airport,Owensboro Daviess County Airport,407,NA,US,US-KY,Owensboro,KOWB,OWB,OWB,37.74010086,-87.16680145
KOWD,medium_airport,Norwood Memorial Airport,49,NA,US,US-MA,Norwood,KOWD,OWD,OWD,42.19049835,-71.17289734
KOXR,medium_airport,Oxnard Airport,45,NA,US,US-CA,Oxnard,KOXR,OXR,OXR,34.20080185,-119.2070007
KOZR,medium_airport,Cairns AAF (Fort Rucker) Air Field,301,NA,US,US-AL,Fort Rucker/Ozark,KOZR,OZR,OZR,31.27569962,-85.71340179
KPAE,medium_airport,Snohomish County (Paine Field) Airport,606,NA,US,US-WA,Everett,KPAE,PAE,PAE,47.90629959,-122.2819977
KPAH,medium_airport,Barkley Regional Airport,410,NA,US,US-KY,Paducah,KPAH,PAH,PAH,37.06079865,-88.77380371
KPAM,large_airport,Tyndall Air Force Base,17,NA,US,US-FL,Panama City,KPAM,PAM,PAM,30.06959915,-85.57540131
KPBF,medium_airport,"Pine Bluff Regional Airport, Grider Field",206,NA,US,US-AR,Pine Bluff,KPBF,PBF,PBF,34.1731,-91.9356
KPBG,medium_airport,Plattsburgh International Airport,234,NA,US,US-NY,Plattsburgh,KPBG,PBG,PBG,44.65090179,-73.4681015
KPBI,large_airport,Palm Beach International Airport,19,NA,US,US-FL,West Palm Beach,KPBI,PBI,PBI,26.68320084,-80.09559631
KPDK,medium_airport,DeKalb Peachtree Airport,1003,NA,US,US-GA,Atlanta,KPDK,PDK,PDK,33.87559891,-84.30200195
KPDT,medium_airport,Eastern Oregon Regional At Pendleton Airport,1497,NA,US,US-OR,Pendleton,KPDT,PDT,PDT,45.69509888,-118.8410034
KPDX,large_airport,Portland International Airport,31,NA,US,US-OR,Portland,KPDX,PDX,PDX,45.58869934,-122.5979996
KPGA,medium_airport,Page Municipal Airport,4316,NA,US,US-AZ,Page,KPGA,PGA,PGA,36.92610168,-111.447998
KPGV,medium_airport,Pitt Greenville Airport,26,NA,US,US-NC,Greenville,KPGV,PGV,PGV,35.6352005,-77.38529968
KPHF,large_airport,Newport News Williamsburg International Airport,42,NA,US,US-VA,Newport News,KPHF,PHF,PHF,37.13190079,-76.49299622
KPHL,large_airport,Philadelphia International Airport,36,NA,US,US-PA,Philadelphia,KPHL,PHL,PHL,39.87189865,-75.2410965
KPHX,large_airport,Phoenix Sky Harbor International Airport,1135,NA,US,US-AZ,Phoenix,KPHX,PHX,PHX,33.43429947,-112.012001
KPIA,large_airport,General Wayne A. Downing Peoria International Airport,660,NA,US,US-IL,Peoria,KPIA,PIA,PIA,40.66419983,-89.69329834
KPIB,medium_airport,Hattiesburg Laurel Regional Airport,298,NA,US,US-MS,Hattiesburg/Laurel,KPIB,PIB,PIB,31.46710014,-89.33709717
KPIE,medium_airport,St Petersburg Clearwater International Airport,11,NA,US,US-FL,St Petersburg-Clearwater,KPIE,PIE,PIE,27.91020012,-82.68740082
KPIH,medium_airport,Pocatello Regional Airport,4452,NA,US,US-ID,Pocatello,KPIH,PIH,PIH,42.90980148,-112.5960007
KPIR,medium_airport,Pierre Regional Airport,1744,NA,US,US-SD,Pierre,KPIR,PIR,PIR,44.38270187,-100.2860031
KPIT,large_airport,Pittsburgh International Airport,1203,NA,US,US-PA,Pittsburgh,KPIT,PIT,PIT,40.49150085,-80.23290253
KPKB,medium_airport,Mid Ohio Valley Regional Airport,858,NA,US,US-WV,Parkersburg,KPKB,PKB,PKB,39.3451004,-81.43920135
KPLN,medium_airport,Pellston Regional Airport of Emmet County Airport,721,NA,US,US-MI,Pellston,KPLN,PLN,PLN,45.57089996,-84.79669952
KPMD,medium_airport,Palmdale Regional/USAF Plant 42 Airport,2543,NA,US,US-CA,Palmdale,KPMD,PMD,PMD,34.62939835,-118.0849991
KPNA,medium_airport,Ralph Wenz Field,7102,NA,US,US-WY,Pinedale,KPNA,PWY,PNA,42.79550171,-109.8069992
KPNC,medium_airport,Ponca City Regional Airport,1008,NA,US,US-OK,Ponca City,KPNC,PNC,PNC,36.73199844,-97.09980011
KPNE,medium_airport,Northeast Philadelphia Airport,120,NA,US,US-PA,Philadelphia,KPNE,PNE,PNE,40.081902,-75.010597
KPNS,medium_airport,Pensacola International Airport,121,NA,US,US-FL,Pensacola,KPNS,PNS,PNS,30.4734,-87.1866
KPOB,medium_airport,Pope Field,217,NA,US,US-NC,Fayetteville,KPOB,POB,POB,35.17089844,-79.01450348
KPOE,medium_airport,Polk Army Air Field,330,NA,US,US-LA,Fort Polk,KPOE,POE,POE,31.0447998,-93.1917038
KPOU,medium_airport,Dutchess County Airport,165,NA,US,US-NY,Poughkeepsie,KPOU,POU,POU,41.62659836,-73.88420105
KPQI,medium_airport,Presque Isle International Airport,534,NA,US,US-ME,Presque Isle,KPQI,PQI,PQI,46.688999,-68.0448
KPRB,medium_airport,Paso Robles Municipal Airport,840,NA,US,US-CA,Paso Robles,KPRB,PRB,PRB,35.67290115,-120.6269989
KPRC,medium_airport,Prescott Regional Airport - Ernest A. Love Field,5045,NA,US,US-AZ,Prescott,KPRC,PRC,PRC,34.654499,-112.419998
KPRX,medium_airport,Cox Field,547,NA,US,US-TX,Paris,KPRX,PRX,PRX,33.63660049,-95.45079803
KPSC,medium_airport,Tri Cities Airport,410,NA,US,US-WA,Pasco,KPSC,PSC,PSC,46.26470184,-119.1190033
KPSM,medium_airport,Portsmouth International at Pease Airport,100,NA,US,US-NH,Portsmouth,KPSM,PSM,PSM,43.07789993,-70.82330322
KPSP,medium_airport,Palm Springs International Airport,477,NA,US,US-CA,Palm Springs,KPSP,PSP,PSP,33.82970047,-116.5070038
KPTK,medium_airport,Oakland County International Airport,980,NA,US,US-MI,Pontiac,KPTK,PTK,PTK,42.66550064,-83.42009735
KPUW,medium_airport,Pullman Moscow Regional Airport,2556,NA,US,US-WA,Pullman/Moscow,KPUW,PUW,PUW,46.7439,-117.110001
KPVD,large_airport,Theodore Francis Green State Airport,55,NA,US,US-RI,Providence,KPVD,PVD,PVD,41.732601,-71.420403
KPVU,medium_airport,Provo Municipal Airport,4497,NA,US,US-UT,Provo,KPVU,PVU,PVU,40.21920013,-111.7229996
KPWK,medium_airport,Chicago Executive Airport,647,NA,US,US-IL,Chicago/Prospect Heights/Wheeling,KPWK,PWK,PWK,42.114222,-87.901494
KPWM,large_airport,Portland International Jetport,76,NA,US,US-ME,Portland,KPWM,PWM,PWM,43.646198,-70.309303
KPWT,medium_airport,Bremerton National Airport,444,NA,US,US-WA,Bremerton,KPWT,PWT,PWT,47.49020004,-122.7649994
KRAL,medium_airport,Riverside Municipal Airport,819,NA,US,US-CA,Riverside,KRAL,RAL,RAL,33.95190048,-117.4449997
KRAP,medium_airport,Rapid City Regional Airport,3204,NA,US,US-SD,Rapid City,KRAP,RAP,RAP,44.04529953,-103.0569992
KRBL,medium_airport,Red Bluff Municipal Airport,352,NA,US,US-CA,Red Bluff,KRBL,RBL,RBL,40.15069962,-122.2519989
KRCA,medium_airport,Ellsworth Air Force Base,3276,NA,US,US-SD,Rapid City,KRCA,RCA,RCA,44.14500046,-103.1039963
KRDD,medium_airport,Redding Municipal Airport,505,NA,US,US-CA,Redding,KRDD,RDD,RDD,40.50899887,-122.2929993
KRDG,medium_airport,Reading Regional Carl A Spaatz Field,344,NA,US,US-PA,Reading,KRDG,RDG,RDG,40.37850189,-75.96520233
KRDM,medium_airport,Roberts Field,3080,NA,US,US-OR,Redmond,KRDM,RDM,RDM,44.2541008,-121.1500015
KRDR,medium_airport,Grand Forks Air Force Base,913,NA,US,US-ND,Grand Forks,KRDR,RDR,RDR,47.96110153,-97.40119934
KRDU,large_airport,Raleigh Durham International Airport,435,NA,US,US-NC,Raleigh/Durham,KRDU,RDU,RDU,35.87760162,-78.78749847
KRFD,large_airport,Chicago Rockford International Airport,742,NA,US,US-IL,Chicago/Rockford,KRFD,RFD,RFD,42.19540024,-89.09719849
KRHI,medium_airport,Rhinelander Oneida County Airport,1624,NA,US,US-WI,Rhinelander,KRHI,RHI,RHI,45.63119888,-89.46749878
KRIC,large_airport,Richmond International Airport,167,NA,US,US-VA,Richmond,KRIC,RIC,RIC,37.50519943,-77.31970215
KRIL,medium_airport,Garfield County Regional Airport,5548,NA,US,US-CO,Rifle,KRIL,RIL,RIL,39.526299,-107.726997
KRIV,medium_airport,March ARB Airport,1536,NA,US,US-CA,Riverside,KRIV,RIV,RIV,33.880699,-117.259003
KRIW,medium_airport,Riverton Regional Airport,5525,NA,US,US-WY,Riverton,KRIW,RIW,RIW,43.06420136,-108.4599991
KRKS,medium_airport,Southwest Wyoming Regional Airport,6764,NA,US,US-WY,Rock Springs,KRKS,RKS,RKS,41.5942,-109.065001
KRME,medium_airport,Griffiss International Airport,504,NA,US,US-NY,Rome,KRME,RME,RME,43.23379898,-75.40699768
KRMG,medium_airport,Richard B Russell Airport,644,NA,US,US-GA,Rome,KRMG,RMG,RMG,34.3506012,-85.15799713
KRND,large_airport,Randolph Air Force Base,761,NA,US,US-TX,Universal City,KRND,RND,RND,29.52969933,-98.27890015
KRNO,large_airport,Reno Tahoe International Airport,4415,NA,US,US-NV,Reno,KRNO,RNO,RNO,39.49909973,-119.7679977
KROA,large_airport,RoanokeâBlacksburg Regional Airport,1175,NA,US,US-VA,Roanoke,KROA,ROA,ROA,37.3255,-79.975403
KROC,large_airport,Greater Rochester International Airport,559,NA,US,US-NY,Rochester,KROC,ROC,ROC,43.1189003,-77.67240143
KROW,medium_airport,Roswell Air Center Airport,3671,NA,US,US-NM,Roswell,KROW,ROW,ROW,33.301601,-104.530998
KRSL,medium_airport,Russell Municipal Airport,1862,NA,US,US-KS,Russell,KRSL,RSL,RSL,38.87210083,-98.8117981
KRST,large_airport,Rochester International Airport,1317,NA,US,US-MN,Rochester,KRST,RST,RST,43.90829849,-92.5
KRSW,large_airport,Southwest Florida International Airport,30,NA,US,US-FL,Fort Myers,KRSW,RSW,RSW,26.53619957,-81.75520325
KRUT,medium_airport,Rutland - Southern Vermont Regional Airport,787,NA,US,US-VT,Rutland,KRUT,RUT,RUT,43.52939987,-72.94960022
KRVS,medium_airport,Richard Lloyd Jones Jr Airport,638,NA,US,US-OK,Tulsa,KRVS,RVS,RVS,36.03960037,-95.98459625
KRWF,medium_airport,Redwood Falls Municipal Airport,1024,NA,US,US-MN,Redwood Falls,KRWF,RWF,RWF,44.54719925,-95.08229828
KRWI,medium_airport,Rocky Mount Wilson Regional Airport,159,NA,US,US-NC,Rocky Mount,KRWI,RWI,RWI,35.85630035,-77.89189911
KRWL,medium_airport,Rawlins Municipal Airport/Harvey Field,6813,NA,US,US-WY,Rawlins,KRWL,RWL,RWL,41.80559921,-107.1999969
KSAC,medium_airport,Sacramento Executive Airport,24,NA,US,US-CA,Sacramento,KSAC,SAC,SAC,38.51250076,-121.4929962
KSAF,medium_airport,Santa Fe Municipal Airport,6348,NA,US,US-NM,Santa Fe,KSAF,SAF,SAF,35.61709976,-106.0889969
KSAN,large_airport,San Diego International Airport,17,NA,US,US-CA,San Diego,KSAN,SAN,SAN,32.73360062,-117.1900024
KSAT,large_airport,San Antonio International Airport,809,NA,US,US-TX,San Antonio,KSAT,SAT,SAT,29.533701,-98.469803
KSAV,large_airport,Savannah Hilton Head International Airport,50,NA,US,US-GA,Savannah,KSAV,SAV,SAV,32.12760162,-81.20210266
KSAW,medium_airport,Sawyer International Airport,1221,NA,US,US-MI,Marquette,KSAW,MQT,SAW,46.35359955,-87.395401
KSBA,medium_airport,Santa Barbara Municipal Airport,13,NA,US,US-CA,Santa Barbara,KSBA,SBA,SBA,34.42620087,-119.8399963
KSBD,medium_airport,San Bernardino International Airport,1159,NA,US,US-CA,San Bernardino,KSBD,SBD,SBD,34.09540176,-117.2350006
KSBN,large_airport,South Bend Regional Airport,799,NA,US,US-IN,South Bend,KSBN,SBN,SBN,41.70869827,-86.31729889
KSBP,medium_airport,San Luis County Regional Airport,212,NA,US,US-CA,San Luis Obispo,KSBP,SBP,SBP,35.23680115,-120.6419983
KSBY,medium_airport,Salisbury Ocean City Wicomico Regional Airport,52,NA,US,US-MD,Salisbury,KSBY,SBY,SBY,38.34049988,-75.51029968
KSCH,medium_airport,Schenectady County Airport,378,NA,US,US-NY,Schenectady,KSCH,SCH,SCH,42.85250092,-73.92890167
KSCK,medium_airport,Stockton Metropolitan Airport,33,NA,US,US-CA,Stockton,KSCK,SCK,SCK,37.89419937,-121.237999
KSDF,large_airport,Louisville Muhammad Ali International Airport,501,NA,US,US-KY,Louisville,KSDF,SDF,SDF,38.1744,-85.736
KSDM,medium_airport,Brown Field Municipal Airport,526,NA,US,US-CA,San Diego,KSDM,SDM,SDM,32.57229996,-116.9800034
KSDY,medium_airport,Sidney - Richland Regional Airport,1985,NA,US,US-MT,Sidney,KSDY,SDY,SDY,47.706902,-104.193001
KSEA,large_airport,Seattle Tacoma International Airport,433,NA,US,US-WA,Seattle,KSEA,SEA,SEA,47.449001,-122.308998
KSFB,large_airport,Orlando Sanford International Airport,55,NA,US,US-FL,Orlando,KSFB,SFB,SFB,28.77759933,-81.23750305
KSFF,medium_airport,Felts Field,1953,NA,US,US-WA,Spokane,KSFF,SFF,SFF,47.68280029,-117.322998
KSFO,large_airport,San Francisco International Airport,13,NA,US,US-CA,San Francisco,KSFO,SFO,SFO,37.61899948,-122.375
KSGF,large_airport,Springfield Branson National Airport,1268,NA,US,US-MO,Springfield,KSGF,SGF,SGF,37.24570084,-93.38860321
KSGH,medium_airport,Springfield-Beckley Municipal Airport,1051,NA,US,US-OH,Springfield,KSGH,SGH,SGH,39.84030151,-83.84020233
KSGJ,medium_airport,Northeast Florida Regional Airport,10,NA,US,US-FL,St Augustine,KSGJ,UST,SGJ,29.9592,-81.339798
KSGR,medium_airport,Sugar Land Regional Airport,82,NA,US,US-TX,Houston,KSGR,SGR,SGR,29.62229919,-95.65650177
KSGU,medium_airport,St George Municipal Airport,2941,NA,US,US-UT,St George,KSGU,SGU,SGU,37.036389,-113.510306
KSHR,medium_airport,Sheridan County Airport,4021,NA,US,US-WY,Sheridan,KSHR,SHR,SHR,44.76919937,-106.9800034
KSHV,medium_airport,Shreveport Regional Airport,258,NA,US,US-LA,Shreveport,KSHV,SHV,SHV,32.446602,-93.8256
KSJC,large_airport,Norman Y. Mineta San Jose International Airport,62,NA,US,US-CA,San Jose,KSJC,SJC,SJC,37.362598,-121.929001
KSJT,medium_airport,San Angelo Regional Mathis Field,1919,NA,US,US-TX,San Angelo,KSJT,SJT,SJT,31.35770035,-100.4960022
KSKA,large_airport,Fairchild Air Force Base,2461,NA,US,US-WA,Spokane,KSKA,SKA,SKA,47.61510086,-117.6559982
KSKF,medium_airport,Lackland Air Force Base,691,NA,US,US-TX,San Antonio,KSKF,SKF,SKF,29.38419914,-98.58110046
KSLC,large_airport,Salt Lake City International Airport,4227,NA,US,US-UT,Salt Lake City,KSLC,SLC,SLC,40.78839874,-111.9779968
KSLE,medium_airport,Salem Municipal Airport/McNary Field,214,NA,US,US-OR,Salem,KSLE,SLE,SLE,44.90950012,-123.0029984
KSLK,medium_airport,Adirondack Regional Airport,1663,NA,US,US-NY,Saranac Lake,KSLK,SLK,SLK,44.38529968,-74.20619965
KSLN,medium_airport,Salina Municipal Airport,1288,NA,US,US-KS,Salina,KSLN,SLN,SLN,38.79100037,-97.65219879
KSME,medium_airport,Lake Cumberland Regional Airport,927,NA,US,US-KY,Somerset,KSME,SME,SME,37.05339813,-84.61589813
KSMF,large_airport,Sacramento International Airport,27,NA,US,US-CA,Sacramento,KSMF,SMF,SMF,38.69540024,-121.5910034
KSMN,medium_airport,Lemhi County Airport,4043,NA,US,US-ID,Salmon,KSMN,SMN,SMN,45.12379837,-113.8809967
KSMX,medium_airport,Santa Maria Pub/Capt G Allan Hancock Field,261,NA,US,US-CA,Santa Maria,KSMX,SMX,SMX,34.89889908,-120.4570007
KSNA,large_airport,John Wayne Airport-Orange County Airport,56,NA,US,US-CA,Santa Ana,KSNA,SNA,SNA,33.67570114,-117.8679962
KSNS,medium_airport,Salinas Municipal Airport,85,NA,US,US-CA,Salinas,KSNS,SNS,SNS,36.66279984,-121.6060028
KSNY,medium_airport,Sidney Municipal-Lloyd W Carr Field,4313,NA,US,US-NE,Sidney,KSNY,SNY,SNY,41.10129929,-102.9850006
KSPI,large_airport,Abraham Lincoln Capital Airport,598,NA,US,US-IL,Springfield,KSPI,SPI,SPI,39.84410095,-89.67790222
KSPS,large_airport,Sheppard Air Force Base-Wichita Falls Municipal Airport,1019,NA,US,US-TX,Wichita Falls,KSPS,SPS,SPS,33.9888,-98.491898
KSRQ,large_airport,Sarasota Bradenton International Airport,30,NA,US,US-FL,Sarasota/Bradenton,KSRQ,SRQ,SRQ,27.39539909,-82.55439758
KSRR,medium_airport,Sierra Blanca Regional Airport,6814,NA,US,US-NM,Ruidoso,KSRR,RUI,SRR,33.46279907,-105.5350037
KSSC,large_airport,Shaw Air Force Base,241,NA,US,US-SC,Sumter,KSSC,SSC,SSC,33.97269821,-80.47059631
KSSF,medium_airport,Stinson Municipal Airport,577,NA,US,US-TX,San Antonio,KSSF,SSF,SSF,29.33699989,-98.47109985
KSSI,medium_airport,St Simons Island Airport,19,NA,US,US-GA,St Simons Island,KSSI,SSI,SSI,31.1518,-81.391296
KSTC,medium_airport,St Cloud Regional Airport,1031,NA,US,US-MN,St Cloud,KSTC,STC,STC,45.54660034,-94.05989838
KSTJ,medium_airport,Rosecrans Memorial Airport,826,NA,US,US-MO,St Joseph,KSTJ,STJ,STJ,39.77190018,-94.90969849
KSTL,large_airport,St Louis Lambert International Airport,618,NA,US,US-MO,St Louis,KSTL,STL,STL,38.748697,-90.370003
KSTP,medium_airport,St Paul Downtown Holman Field,705,NA,US,US-MN,St Paul,KSTP,STP,STP,44.93450165,-93.05999756
KSTS,medium_airport,Charles M. Schulz Sonoma County Airport,128,NA,US,US-CA,Santa Rosa,KSTS,STS,STS,38.50899887,-122.8130035
KSUN,medium_airport,Friedman Memorial Airport,5318,NA,US,US-ID,Hailey,KSUN,SUN,SUN,43.50439835,-114.2959976
KSUS,large_airport,Spirit of St Louis Airport,463,NA,US,US-MO,St Louis,KSUS,SUS,SUS,38.66210175,-90.65200043
KSUU,large_airport,Travis Air Force Base,62,NA,US,US-CA,Fairfield,KSUU,SUU,SUU,38.26269913,-121.927002
KSUX,large_airport,Sioux Gateway Airport/Brigadier General Bud Day Field,1098,NA,US,US-IA,Sioux City,KSUX,SUX,SUX,42.402599,-96.384399
KSVN,medium_airport,Hunter Army Air Field,41,NA,US,US-GA,Savannah,KSVN,SVN,SVN,32.00999832,-81.14569855
KSWF,medium_airport,New York Stewart International Airport,491,NA,US,US-NY,Newburgh,KSWF,SWF,SWF,41.504101,-74.104797
KSWO,medium_airport,Stillwater Regional Airport,1000,NA,US,US-OK,Stillwater,KSWO,SWO,SWO,36.16120148,-97.08570099
KSYR,large_airport,Syracuse Hancock International Airport,421,NA,US,US-NY,Syracuse,KSYR,SYR,SYR,43.11119843,-76.10630035
KSZL,large_airport,Whiteman Air Force Base,870,NA,US,US-MO,Knob Noster,KSZL,SZL,SZL,38.7303009,-93.54789734
KTBN,medium_airport,Waynesville-St. Robert Regional Forney field,1159,NA,US,US-MO,Fort Leonard Wood,KTBN,TBN,TBN,37.74160004,-92.14070129
KTCC,medium_airport,Tucumcari Municipal Airport,4065,NA,US,US-NM,Tucumcari,KTCC,TCC,TCC,35.18280029,-103.6029968
KTCL,medium_airport,Tuscaloosa Regional Airport,170,NA,US,US-AL,Tuscaloosa,KTCL,TCL,TCL,33.22060013,-87.61139679
KTCM,large_airport,McChord Air Force Base,322,NA,US,US-WA,Tacoma,KTCM,TCM,TCM,47.13769913,-122.4759979
KTCS,medium_airport,Truth Or Consequences Municipal Airport,4853,NA,US,US-NM,Truth Or Consequences,KTCS,TCS,TCS,33.23690033,-107.2720032
KTEB,medium_airport,Teterboro Airport,9,NA,US,US-NJ,Teterboro,KTEB,TEB,TEB,40.85010147,-74.06079865
KTIK,large_airport,Tinker Air Force Base,1291,NA,US,US-OK,Oklahoma City,KTIK,TIK,TIK,35.41469955,-97.38659668
KTIW,medium_airport,Tacoma Narrows Airport,294,NA,US,US-WA,Tacoma,KTIW,TIW,TIW,47.26789856,-122.5780029
KTIX,medium_airport,Space Coast Regional Airport,34,NA,US,US-FL,Titusville,KTIX,TIX,TIX,28.51479912,-80.79920197
KTLH,large_airport,Tallahassee Regional Airport,81,NA,US,US-FL,Tallahassee,KTLH,TLH,TLH,30.39649963,-84.35030365
KTMB,medium_airport,Miami Executive Airport,8,NA,US,US-FL,Miami,KTMB,TMB,TMB,25.6479,-80.4328
KTOI,medium_airport,Troy Municipal Airport at N Kenneth Campbell Field,398,NA,US,US-AL,Troy,KTOI,TOI,TOI,31.860399,-86.012101
KTOL,large_airport,Toledo Express Airport,683,NA,US,US-OH,Toledo,KTOL,TOL,TOL,41.58679962,-83.80780029
KTOP,medium_airport,Philip Billard Municipal Airport,881,NA,US,US-KS,Topeka,KTOP,TOP,TOP,39.06869888,-95.62249756
KTPA,large_airport,Tampa International Airport,26,NA,US,US-FL,Tampa,KTPA,TPA,TPA,27.97550011,-82.53320313
KTPH,medium_airport,Tonopah Airport,5430,NA,US,US-NV,Tonopah,KTPH,TPH,TPH,38.06019974,-117.086998
KTPL,medium_airport,Draughon Miller Central Texas Regional Airport,682,NA,US,US-TX,Temple,KTPL,TPL,TPL,31.15250015,-97.40779877
KTRI,large_airport,Tri-Cities Regional TN/VA Airport,1519,NA,US,US-TN,Bristol/Johnson/Kingsport,KTRI,TRI,TRI,36.475201,-82.407401
KTRK,medium_airport,Truckee Tahoe Airport,5900,NA,US,US-CA,Truckee,KTRK,TKF,TRK,39.31999969,-120.1399994
KTRM,medium_airport,Jacqueline Cochran Regional Airport,-115,NA,US,US-CA,Palm Springs,KTRM,TRM,TRM,33.62670135,-116.1600037
KTTD,medium_airport,Portland Troutdale Airport,39,NA,US,US-OR,Portland,KTTD,TTD,TTD,45.54940033,-122.401001
KTTN,medium_airport,Trenton Mercer Airport,213,NA,US,US-NJ,Trenton,KTTN,TTN,TTN,40.27669907,-74.81349945
KTUL,large_airport,Tulsa International Airport,677,NA,US,US-OK,Tulsa,KTUL,TUL,TUL,36.19839859,-95.88809967
KTUP,medium_airport,Tupelo Regional Airport,346,NA,US,US-MS,Tupelo,KTUP,TUP,TUP,34.26810074,-88.76989746
KTUS,large_airport,Tucson International Airport / Morris Air National Guard Base,2643,NA,US,US-AZ,Tucson,KTUS,TUS,TUS,32.115004,-110.938053
KTVC,medium_airport,Cherry Capital Airport,624,NA,US,US-MI,Traverse City,KTVC,TVC,TVC,44.74140167,-85.5821991
KTVL,medium_airport,Lake Tahoe Airport,6264,NA,US,US-CA,South Lake Tahoe,KTVL,TVL,TVL,38.89390182,-119.9950027
KTWF,medium_airport,Joslin Field Magic Valley Regional Airport,4154,NA,US,US-ID,Twin Falls,KTWF,TWF,TWF,42.4818,-114.487999
KTXK,medium_airport,Texarkana Regional Webb Field,390,NA,US,US-AR,Texarkana,KTXK,TXK,TXK,33.45370102,-93.99099731
KTYR,medium_airport,Tyler Pounds Regional Airport,544,NA,US,US-TX,Tyler,KTYR,TYR,TYR,32.35409927,-95.40239716
KTYS,large_airport,McGhee Tyson Airport,981,NA,US,US-TN,Knoxville,KTYS,TYS,TYS,35.81100082,-83.9940033
KUIN,medium_airport,Quincy Regional Baldwin Field,768,NA,US,US-IL,Quincy,KUIN,UIN,UIN,39.94269943,-91.19460297
KUKI,medium_airport,Ukiah Municipal Airport,614,NA,US,US-CA,Ukiah,KUKI,UKI,UKI,39.12599945,-123.2009964
KUNV,medium_airport,University Park Airport,1239,NA,US,US-PA,State College,KUNV,SCE,UNV,40.84930038,-77.84870148
KUOX,medium_airport,University Oxford Airport,452,NA,US,US-MS,Oxford,KUOX,UOX,UOX,34.38430023,-89.53679657
KUTS,medium_airport,Huntsville Regional Airport,363,NA,US,US-TX,Huntsville,KUTS,HTV,UTS,30.74690056,-95.58719635
KVAD,medium_airport,Moody Air Force Base,233,NA,US,US-GA,Valdosta,KVAD,VAD,VAD,30.96780014,-83.19300079
KVBG,large_airport,Vandenberg Air Force Base,369,NA,US,US-CA,Lompoc,KVBG,VBG,VBG,34.73730087,-120.5839996
KVCT,medium_airport,Victoria Regional Airport,115,NA,US,US-TX,Victoria,KVCT,VCT,VCT,28.8526001,-96.91850281
KVEL,medium_airport,Vernal Regional Airport,5278,NA,US,US-UT,Vernal,KVEL,VEL,VEL,40.4408989,-109.5100021
KVGT,medium_airport,North Las Vegas Airport,2205,NA,US,US-NV,Las Vegas,KVGT,VGT,VGT,36.21070099,-115.1940002
KVLD,medium_airport,Valdosta Regional Airport,203,NA,US,US-GA,Valdosta,KVLD,VLD,VLD,30.78249931,-83.27670288
KVNY,medium_airport,Van Nuys Airport,802,NA,US,US-CA,Van Nuys,KVNY,VNY,VNY,34.20980072,-118.4899979
KVOK,medium_airport,Volk Field,912,NA,US,US-WI,Camp Douglas,KVOK,VOK,VOK,43.93899918,-90.25340271
KVPS,large_airport,Destin-Ft Walton Beach Airport,87,NA,US,US-FL,Valparaiso,KVPS,VPS,VPS,30.4832,-86.525398
KVPZ,medium_airport,Porter County Municipal Airport,770,NA,US,US-IN,Valparaiso,KVPZ,VPZ,VPZ,41.45399857,-87.00710297
KVRB,medium_airport,Vero Beach Regional Airport,24,NA,US,US-FL,Vero Beach,KVRB,VRB,VRB,27.6556,-80.417901
KVTN,medium_airport,Miller Field,2596,NA,US,US-NE,Valentine,KVTN,VTN,VTN,42.85779953,-100.5479965
KWJF,medium_airport,General WM J Fox Airfield,2351,NA,US,US-CA,Lancaster,KWJF,WJF,WJF,34.74110031,-118.2190018
KWMC,medium_airport,Winnemucca Municipal Airport,4308,NA,US,US-NV,Winnemucca,KWMC,WMC,WMC,40.89659882,-117.8059998
KWRB,large_airport,Robins Air Force Base,294,NA,US,US-GA,Warner Robins,KWRB,WRB,WRB,32.64009857,-83.59190369
KWRI,medium_airport,Mc Guire Air Force Base,131,NA,US,US-NJ,Wrightstown,KWRI,WRI,WRI,40.0155983,-74.59169769
KWRL,medium_airport,Worland Municipal Airport,4227,NA,US,US-WY,Worland,KWRL,WRL,WRL,43.96569824,-107.9509964
KWWD,medium_airport,Cape May County Airport,23,NA,US,US-NJ,Wildwood,KWWD,WWD,WWD,39.00849915,-74.90830231
KWWR,medium_airport,West Woodward Airport,2189,NA,US,US-OK,Woodward,KWWR,WWR,WWR,36.438,-99.5226667
KWYS,medium_airport,Yellowstone Airport,6649,NA,US,US-MT,West Yellowstone,KWYS,WYS,WYS,44.68840027,-111.1179962
KXNA,medium_airport,Northwest Arkansas Regional Airport,1287,NA,US,US-AR,Fayetteville/Springdale/Rogers,KXNA,XNA,XNA,36.281898,-94.306801
KYIP,medium_airport,Willow Run Airport,716,NA,US,US-MI,Detroit,KYIP,YIP,YIP,42.23789978,-83.53040314
KYKM,medium_airport,Yakima Air Terminal McAllister Field,1099,NA,US,US-WA,Yakima,KYKM,YKM,YKM,46.56819916,-120.5439987
KYKN,medium_airport,Chan Gurney Municipal Airport,1306,NA,US,US-SD,Yankton,KYKN,YKN,YKN,42.91669846,-97.3859024
KYNG,medium_airport,Youngstown Warren Regional Airport,1192,NA,US,US-OH,Youngstown/Warren,KYNG,YNG,YNG,41.26070023,-80.67910004
KZZV,medium_airport,Zanesville Municipal Airport,900,NA,US,US-OH,Zanesville,KZZV,ZZV,ZZV,39.94440079,-81.89209747
PAAQ,medium_airport,"Warren ""Bud"" Woods Palmer Municipal Airport",242,NA,US,US-AK,Palmer,PAAQ,PAQ,PAQ,61.594898,-149.08901
PABA,medium_airport,Barter Island LRRS Airport,2,NA,US,US-AK,Barter Island Lrrs,PABA,BTI,BTI,70.13400269,-143.5820007
PABE,medium_airport,Bethel Airport,126,NA,US,US-AK,Bethel,PABE,BET,BET,60.77980042,-161.8379974
PABI,medium_airport,Allen Army Airfield,1291,NA,US,US-AK,Delta Junction Ft Greely,PABI,BIG,BIG,63.99449921,-145.7220001
PABL,medium_airport,Buckland Airport,31,NA,US,US-AK,Buckland,PABL,BKC,BVK,65.981598,-161.149002
PABR,medium_airport,Wiley Post Will Rogers Memorial Airport,44,NA,US,US-AK,UtqiaÄ¡vik,PABR,BRW,BRW,71.285402,-156.766008
PABT,medium_airport,Bettles Airport,647,NA,US,US-AK,Bettles,PABT,BTT,BTT,66.91390228,-151.529007
PACD,medium_airport,Cold Bay Airport,96,NA,US,US-AK,Cold Bay,PACD,CDB,CDB,55.20610046,-162.7250061
PACM,medium_airport,Scammon Bay Airport,14,NA,US,US-AK,Scammon Bay,PACM,SCM,SCM,61.84529877,-165.5709991
PACV,medium_airport,Merle K (Mudhole) Smith Airport,54,NA,US,US-AK,Cordova,PACV,CDV,CDV,60.4917984,-145.4779968
PACZ,medium_airport,Cape Romanzof LRRS Airport,464,NA,US,US-AK,Cape Romanzof,PACZ,CZF,CZF,61.78030014,-166.0390015
PADE,medium_airport,Deering Airport,21,NA,US,US-AK,Deering,PADE,DRG,DEE,66.069603,-162.766006
PADK,medium_airport,Adak Airport,18,NA,US,US-AK,Adak Island,PADK,ADK,ADK,51.87799835,-176.6459961
PADL,medium_airport,Dillingham Airport,81,NA,US,US-AK,Dillingham,PADL,DLG,DLG,59.04470062,-158.5050049
PADM,medium_airport,Marshall Don Hunter Sr Airport,103,NA,US,US-AK,Marshall,PADM,MLL,MDM,61.86429977,-162.026001
PADQ,medium_airport,Kodiak Airport,78,NA,US,US-AK,Kodiak,PADQ,ADQ,ADQ,57.75,-152.4940033
PADU,medium_airport,Unalaska Airport,22,NA,US,US-AK,Unalaska,PADU,DUT,DUT,53.90010071,-166.5440063
PAED,medium_airport,Elmendorf Air Force Base,212,NA,US,US-AK,Anchorage,PAED,EDF,EDF,61.25099945,-149.8070068
PAEH,medium_airport,Cape Newenham LRRS Airport,541,NA,US,US-AK,Cape Newenham,PAEH,EHM,EHM,58.64640045,-162.0630035
PAEI,medium_airport,Eielson Air Force Base,547,NA,US,US-AK,Fairbanks,PAEI,EIL,EIL,64.66570282,-147.102005
PAEM,medium_airport,Emmonak Airport,13,NA,US,US-AK,Emmonak,PAEM,EMK,ENM,62.78609848,-164.4909973
PAEN,medium_airport,Kenai Municipal Airport,99,NA,US,US-AK,Kenai,PAEN,ENA,ENA,60.57310104,-151.2449951
PAFA,large_airport,Fairbanks International Airport,439,NA,US,US-AK,Fairbanks,PAFA,FAI,FAI,64.81510162,-147.8560028
PAFB,medium_airport,Ladd AAF Airfield,454,NA,US,US-AK,Fairbanks/Ft Wainwright,PAFB,FBK,FBK,64.83750153,-147.6139984
PAFM,medium_airport,Ambler Airport,334,NA,US,US-AK,Ambler,PAFM,ABL,AFM,67.1063,-157.856989
PAGA,medium_airport,Edward G. Pitka Sr Airport,153,NA,US,US-AK,Galena,PAGA,GAL,GAL,64.73619843,-156.9369965
PAGK,medium_airport,Gulkana Airport,1586,NA,US,US-AK,Gulkana,PAGK,GKN,GKN,62.1548996,-145.4570007
PAGM,medium_airport,Gambell Airport,27,NA,US,US-AK,Gambell,PAGM,GAM,GAM,63.76679993,-171.7330017
PAGS,medium_airport,Gustavus Airport,35,NA,US,US-AK,Gustavus,PAGS,GST,GST,58.4253006,-135.7070007
PAHC,medium_airport,Holy Cross Airport,70,NA,US,US-AK,Holy Cross,PAHC,HCR,HCA,62.18830109,-159.7749939
PAHL,medium_airport,Huslia Airport,220,NA,US,US-AK,Huslia,PAHL,HSL,HLA,65.69789886,-156.3509979
PAHN,medium_airport,Haines Airport,15,NA,US,US-AK,Haines,PAHN,HNS,HNS,59.24380112,-135.5240021
PAHO,medium_airport,Homer Airport,84,NA,US,US-AK,Homer,PAHO,HOM,HOM,59.64559937,-151.477005
PAHP,medium_airport,Hooper Bay Airport,13,NA,US,US-AK,Hooper Bay,PAHP,HPB,HPB,61.52389908,-166.1470032
PAII,medium_airport,Egegik Airport,92,NA,US,US-AK,Egegik,PAII,EGX,EII,58.1855011,-157.375
PAIK,medium_airport,Bob Baker Memorial Airport,166,NA,US,US-AK,Kiana,PAIK,IAN,IAN,66.97599792,-160.4369965
PAIL,medium_airport,Iliamna Airport,192,NA,US,US-AK,Iliamna,PAIL,ILI,ILI,59.75439835,-154.9109955
PAIM,medium_airport,Indian Mountain LRRS Airport,1273,NA,US,US-AK,Utopia Creek,PAIM,UTO,UTO,65.99279785,-153.7039948
PAJN,medium_airport,Juneau International Airport,21,NA,US,US-AK,Juneau,PAJN,JNU,JNU,58.35499954,-134.576004
PAKN,medium_airport,King Salmon Airport,73,NA,US,US-AK,King Salmon,PAKN,AKN,AKN,58.67679977,-156.6490021
PAKP,medium_airport,Anaktuvuk Pass Airport,2102,NA,US,US-AK,Anaktuvuk Pass,PAKP,AKP,AKP,68.13359833,-151.7429962
PAKT,medium_airport,Ketchikan International Airport,89,NA,US,US-AK,Ketchikan,PAKT,KTN,KTN,55.35559845,-131.7140045
PAKW,medium_airport,Klawock Airport,80,NA,US,US-AK,Klawock,PAKW,KLW,AKW,55.57920074,-133.076004
PALU,medium_airport,Cape Lisburne LRRS Airport,16,NA,US,US-AK,Cape Lisburne,PALU,LUR,LUR,68.87509918,-166.1100006
PAMC,medium_airport,McGrath Airport,341,NA,US,US-AK,McGrath,PAMC,MCG,MCG,62.95289993,-155.6060028
PAMR,medium_airport,Merrill Field,137,NA,US,US-AK,Anchorage,PAMR,MRI,MRI,61.21350098,-149.8439941
PAMY,medium_airport,Mekoryuk Airport,48,NA,US,US-AK,Mekoryuk,PAMY,MYU,MYU,60.37139893,-166.2709961
PANC,large_airport,Ted Stevens Anchorage International Airport,152,NA,US,US-AK,Anchorage,PANC,ANC,ANC,61.17440033,-149.9960022
PANI,medium_airport,Aniak Airport,88,NA,US,US-AK,Aniak,PANI,ANI,ANI,61.58160019,-159.5429993
PANN,medium_airport,Nenana Municipal Airport,362,NA,US,US-AK,Nenana,PANN,ENN,ENN,64.54730225,-149.0740051
PANT,medium_airport,Annette Island Airport,119,NA,US,US-AK,Annette,PANT,ANN,ANN,55.04240036,-131.5720062
PANV,medium_airport,Anvik Airport,291,NA,US,US-AK,Anvik,PANV,ANV,ANV,62.646702,-160.190994
PAOM,medium_airport,Nome Airport,37,NA,US,US-AK,Nome,PAOM,OME,OME,64.5121994,-165.4450073
PAOR,medium_airport,Northway Airport,1715,NA,US,US-AK,Northway,PAOR,ORT,ORT,62.9612999,-141.9290009
PAOT,medium_airport,Ralph Wien Memorial Airport,14,NA,US,US-AK,Kotzebue,PAOT,OTZ,OTZ,66.88469696,-162.598999
PAPB,medium_airport,St George Airport,125,NA,US,US-AK,St George,PAPB,STG,PBV,56.57830048,-169.6620026
PAPC,medium_airport,Port Clarence Coast Guard Station,10,NA,US,US-AK,Port Clarence,PAPC,KPC,KPC,65.25370026,-166.8589935
PAPG,medium_airport,Petersburg James A Johnson Airport,111,NA,US,US-AK,Petersburg,PAPG,PSG,PSG,56.80170059,-132.9450073
PAPH,medium_airport,Port Heiden Airport,95,NA,US,US-AK,Port Heiden,PAPH,PTH,PTH,56.95909882,-158.6329956
PAPM,medium_airport,Platinum Airport,15,NA,US,US-AK,Platinum,PAPM,PTU,PTU,59.01139832,-161.8200073
PAQT,medium_airport,Nuiqsut Airport,38,NA,US,US-AK,Nuiqsut,PAQT,NUI,AQT,70.20999908,-151.0059967
PARC,medium_airport,Arctic Village Airport,2092,NA,US,US-AK,Arctic Village,PARC,ARC,ARC,68.1147,-145.578995
PARY,medium_airport,Ruby Airport,658,NA,US,US-AK,Ruby,PARY,RBY,RBY,64.72720337,-155.4700012
PASA,medium_airport,Savoonga Airport,53,NA,US,US-AK,Savoonga,PASA,SVA,SVA,63.68640137,-170.4929962
PASC,medium_airport,Deadhorse Airport,65,NA,US,US-AK,Deadhorse,PASC,SCC,SCC,70.19470215,-148.4649963
PASD,medium_airport,Sand Point Airport,21,NA,US,US-AK,Sand Point,PASD,SDP,SDP,55.31499863,-160.522995
PASH,medium_airport,Shishmaref Airport,12,NA,US,US-AK,Shishmaref,PASH,SHH,SHH,66.249604,-166.089112
PASI,medium_airport,Sitka Rocky Gutierrez Airport,21,NA,US,US-AK,Sitka,PASI,SIT,SIT,57.04710007,-135.3619995
PASK,medium_airport,Selawik Airport,17,NA,US,US-AK,Selawik,PASK,WLK,WLK,66.60009766,-159.9859924
PASM,medium_airport,St Mary's Airport,312,NA,US,US-AK,St Mary's,PASM,KSM,KSM,62.0605011,-163.302002
PASN,medium_airport,St Paul Island Airport,63,NA,US,US-AK,St Paul Island,PASN,SNP,SNP,57.16730118,-170.2200012
PASV,medium_airport,Sparrevohn LRRS Airport,1585,NA,US,US-AK,Sparrevohn,PASV,SVW,SVW,61.09740067,-155.5740051
PASX,medium_airport,Soldotna Airport,113,NA,US,US-AK,Soldotna,PASX,SXQ,SXQ,60.47570038,-151.0339966
PASY,medium_airport,Eareckson Air Station,95,NA,US,US-AK,Shemya,PASY,SYA,SYA,52.71229935,174.1139984
PATG,medium_airport,Togiak Airport,21,NA,US,US-AK,Togiak Village,PATG,TOG,TOG,59.05279922,-160.3970032
PATK,medium_airport,Talkeetna Airport,358,NA,US,US-AK,Talkeetna,PATK,TKA,TKA,62.32049942,-150.0939941
PATL,medium_airport,Tatalina LRRS Airport,964,NA,US,US-AK,Takotna,PATL,TLJ,TLJ,62.89440155,-155.977005
PATQ,medium_airport,Atqasuk Edward Burnell Sr Memorial Airport,96,NA,US,US-AK,Atqasuk,PATQ,ATK,ATK,70.46704,-157.436013
PAVD,medium_airport,Valdez Pioneer Field,121,NA,US,US-AK,Valdez,PAVD,VDZ,VDZ,61.13389969,-146.2480011
PAVL,medium_airport,Kivalina Airport,13,NA,US,US-AK,Kivalina,PAVL,KVL,KVL,67.73619843,-164.5630035
PAWD,medium_airport,Seward Airport,22,NA,US,US-AK,Seward,PAWD,SWD,SWD,60.12689972,-149.4190063
PAWG,medium_airport,Wrangell Airport,49,NA,US,US-AK,Wrangell,PAWG,WRG,WRG,56.48429871,-132.3699951
PAWI,medium_airport,Wainwright Airport,41,NA,US,US-AK,Wainwright,PAWI,AIN,AWI,70.63800049,-159.9949951
PAWN,medium_airport,Noatak Airport,88,NA,US,US-AK,Noatak,PAWN,WTK,WTK,67.56610107,-162.9750061
PAWS,medium_airport,Wasilla Airport,354,NA,US,US-AK,Wasilla,PAWS,WWA,IYS,61.57170105,-149.5399933
PAYA,medium_airport,Yakutat Airport,33,NA,US,US-AK,Yakutat,PAYA,YAK,YAK,59.50329971,-139.6600037
PFYU,medium_airport,Fort Yukon Airport,433,NA,US,US-AK,Fort Yukon,PFYU,FYU,FYU,66.57150269,-145.25
PHBK,medium_airport,Barking Sands Airport,23,NA,US,US-HI,Kekaha,PHBK,BKH,BKH,22.02280045,-159.7850037
PHDH,medium_airport,Dillingham Airfield,14,NA,US,US-HI,Mokuleia,PHDH,HDH,HDH,21.5795002,-158.1970062
PHHI,medium_airport,Wheeler Army Airfield,837,NA,US,US-HI,Wahiawa,PHHI,HHI,HHI,21.48349953,-158.0399933
PHHN,medium_airport,Hana Airport,78,NA,US,US-HI,Hana,PHHN,HNM,HNM,20.79560089,-156.0140076
PHJH,medium_airport,Kapalua Airport,256,NA,US,US-HI,Lahaina,PHJH,JHM,JHM,20.96290016,-156.6730042
PHJR,medium_airport,Kalaeloa Airport,30,NA,US,US-HI,Kapolei,PHJR,JRF,JRF,21.3074,-158.070009
PHKO,medium_airport,Ellison Onizuka Kona International At Keahole Airport,47,NA,US,US-HI,Kailua/Kona,PHKO,KOA,KOA,19.738783,-156.045603
PHLI,medium_airport,Lihue Airport,153,NA,US,US-HI,Lihue,PHLI,LIH,LIH,21.97599983,-159.3390045
PHMK,medium_airport,Molokai Airport,454,NA,US,US-HI,Kaunakakai,PHMK,MKK,MKK,21.1529007,-157.095993
PHMU,medium_airport,Waimea Kohala Airport,2671,NA,US,US-HI,Kamuela,PHMU,MUE,MUE,20.00130081,-155.6679993
PHNG,medium_airport,Kaneohe Bay MCAS (Marion E. Carl Field) Airport,24,NA,US,US-HI,Kaneohe,PHNG,NGF,NGF,21.45050049,-157.7680054
PHNL,large_airport,Daniel K Inouye International Airport,13,NA,US,US-HI,Honolulu,PHNL,HNL,HNL,21.32062,-157.924228
PHNY,medium_airport,Lanai Airport,1308,NA,US,US-HI,Lanai City,PHNY,LNY,LNY,20.78560066,-156.951004
PHOG,medium_airport,Kahului Airport,54,NA,US,US-HI,Kahului,PHOG,OGG,OGG,20.8986,-156.429993
PHSF,medium_airport,Bradshaw Army Airfield,6190,NA,US,US-HI,Camp Pohakuloa,PHSF,BSF,BSF,19.76009941,-155.5540009
PHTO,medium_airport,Hilo International Airport,38,NA,US,US-HI,Hilo,PHTO,ITO,ITO,19.72139931,-155.0480042
PHUP,medium_airport,Upolu Airport,96,NA,US,US-HI,Hawi,PHUP,UPP,UPP,20.26530075,-155.8600006
PPIZ,medium_airport,Point Lay LRRS Airport,22,NA,US,US-AK,Point Lay,PPIZ,PIZ,PIZ,69.73290253,-163.0050049
US-0571,medium_airport,Williston Basin International Airport,2344,NA,US,US-ND,Williston,KXWA,XWA,XWA,48.258387,-103.748797
XXZ,medium_airport,Modi,29977,NA,US,US-CA,California,EGLA,XXZ,NY12,89.999845,179.999894
